codigo_eje;nombre_eje;coddisa;nomdisa;codred;codmicro;codigo_pre;nombre_pre;almtipo;red;diris;CATEGORIA;DISTRITO;MICRORED;RISS;NORTE;ESTE;BOLETEA
036;LIMA METROPOLITANA;040;DIRIS LIMA SUR;03;05;34079;C.S.M.C. SAN PEDRO DE LURIN;C;VILLA EL SALVADOR - LURIN - PACHACAMAC - PUCUSANA;LIMA SUR;I-3;LURIN;LURIN;LURIN Y BALNEARIOS;-12.18511;-76.96154;SI
036;LIMA METROPOLITANA;040;DIRIS LIMA SUR;30;00;040F01F01;BOTICA FARMAMINSA DIRIS LIMA SUR BOTICA MUNICIPAL PUCUSANA;C;NO PERTENECE A NINGUNA RED;LIMA SUR;;PUCUSANA;NO PERTENECE A NINGUNA MICRORED;LURIN Y BALNEARIOS;-12.46985;-76.75218;NO
036;LIMA METROPOLITANA;040;DIRIS LIMA SUR;30;00;040F02F01;BOTICA FARMAMINSA DIRIS LIMA SUR BOTICA MUNICIPAL LURIN;C;NO PERTENECE A NINGUNA RED;LIMA SUR;;LURIN;NO PERTENECE A NINGUNA MICRORED;LURIN Y BALNEARIOS;-12.274869;-76.871498;NO
036;LIMA METROPOLITANA;040;DIRIS LIMA SUR;30;00;040F03F01;BOTICA FARMAMINSA DIRIS LIMA SUR BOTICA MUNICIPAL SAN JUAN DE MIRAFLORES;C;NO PERTENECE A NINGUNA RED;LIMA SUR;;SAN JUAN DE MIRAFLORES;NO PERTENECE A NINGUNA MICRORED;SAN JUAN DE MIRAFLORES;-12.274869;-76.871498;NO
036;LIMA METROPOLITANA;040;DIRIS LIMA SUR;01;03;35252;C.S.M.C. SAN IGNACIO DE SURCO;C;BARRANCO - CHORRILLOS - SURCO;LIMA SUR;I-3;SANTIAGO DE SURCO;URBANA;BARRANCO CHORRILLOS SURCO;-76.97665982119155;-12.14055079037511;SI
036;LIMA METROPOLITANA;040;DIRIS LIMA SUR;02;02;35136;P.S. 6 DE JULIO;P;SAN JUAN DE MIRAFLORES - VILLA MARIA DEL TRIUNFO;LIMA SUR;I-2;SAN JUAN DE MIRAFLORES;;SAN JUAN DE MIRAFLORES;-76.978016;-12.140567;SI
036;;040;DIRIS LIMA SUR;01;;040A00;ALMACEN LOGISTICA;A;BARRANCO - CHORRILLOS - SURCO;LIMA SUR;;;;;0;0;NO
036;;040;DIRIS LIMA SUR;01;;040A01;ALMACEN ESPECIALIZADO;A;BARRANCO - CHORRILLOS - SURCO;LIMA SUR;;;;;0;0;SI
036;;040;DIRIS LIMA SUR;01;;040S01;SUB ALMACEN BARRANCO;S;BARRANCO - CHORRILLOS - SURCO;LIMA SUR;;;;;0;0;SI
036;;040;DIRIS LIMA SUR;03;;040S03;SUBALMACEN VES;S;VILLA EL SALVADOR - LURIN - PACHACAMAC - PUCUSANA;LIMA SUR;;;;;0;0;SI
036;;040;DIRIS LIMA SUR;04;;040S04;SUBALMACEN BIOLOGICOS;S;BARRANCO - CHORRILLOS - SURCO;LIMA SUR;;;;;0;0;SI
036;LIMA METROPOLITANA;037;DIRIS LIMA CENTRO;02;04;05614;BAYOVAR;C;SAN JUAN DE LURIGANCHO;LIMA CENTRO;;;;;;;
036;LIMA METROPOLITANA;037;DIRIS LIMA CENTRO;02;05;05615;SU SANTIDAD JUAN PABLO II;C;SAN JUAN DE LURIGANCHO;LIMA CENTRO;;;;;;;
036;LIMA METROPOLITANA;037;DIRIS LIMA CENTRO;02;05;05616;10 DE OCTUBRE;C;SAN JUAN DE LURIGANCHO;LIMA CENTRO;;;;;;;
036;LIMA METROPOLITANA;037;DIRIS LIMA CENTRO;00;00;05617;HOSPITAL SAN JUAN DE LURIGANCHO;H;NO PERTENECE A NINGUNA RED;LIMA CENTRO;;;;;;;
036;LIMA METROPOLITANA;037;DIRIS LIMA CENTRO;02;03;05618;GANIMEDES;C;SAN JUAN DE LURIGANCHO;LIMA CENTRO;;;;;;;
036;LIMA METROPOLITANA;037;DIRIS LIMA CENTRO;02;03;05619;AYACUCHO;P;SAN JUAN DE LURIGANCHO;LIMA CENTRO;;;;;;;
036;LIMA METROPOLITANA;037;DIRIS LIMA CENTRO;02;03;05620;MEDALLA MILAGROSA;C;SAN JUAN DE LURIGANCHO;LIMA CENTRO;;;;;;;
036;LIMA METROPOLITANA;037;DIRIS LIMA CENTRO;02;03;05621;HUASCAR II;C;SAN JUAN DE LURIGANCHO;LIMA CENTRO;;;;;;;
036;LIMA METROPOLITANA;037;DIRIS LIMA CENTRO;02;03;05622;HUASCAR XV;C;SAN JUAN DE LURIGANCHO;LIMA CENTRO;;;;;;;
036;LIMA METROPOLITANA;037;DIRIS LIMA CENTRO;02;04;05623;PROYECTOS ESPECIALES;P;SAN JUAN DE LURIGANCHO;LIMA CENTRO;;;;;;;
036;LIMA METROPOLITANA;037;DIRIS LIMA CENTRO;02;04;05624;JAIME ZUBIETA;C;SAN JUAN DE LURIGANCHO;LIMA CENTRO;;;;;;;
036;LIMA METROPOLITANA;037;DIRIS LIMA CENTRO;02;04;05625;SANTA MARIA;C;SAN JUAN DE LURIGANCHO;LIMA CENTRO;;;;;;;
036;LIMA METROPOLITANA;037;DIRIS LIMA CENTRO;02;04;05626;TUPAC AMARU II;P;SAN JUAN DE LURIGANCHO;LIMA CENTRO;;;;;;;
036;LIMA METROPOLITANA;037;DIRIS LIMA CENTRO;02;05;05627;CRUZ DE MOTUPE;C;SAN JUAN DE LURIGANCHO;LIMA CENTRO;;;;;;;
036;LIMA METROPOLITANA;037;DIRIS LIMA CENTRO;02;05;05628;JOSE CARLOS MARIATEGUI;C;SAN JUAN DE LURIGANCHO;LIMA CENTRO;;;;;;;
036;LIMA METROPOLITANA;037;DIRIS LIMA CENTRO;02;05;05629;ENRIQUE MONTENEGRO;C;SAN JUAN DE LURIGANCHO;LIMA CENTRO;;;;;;;
036;LIMA METROPOLITANA;037;DIRIS LIMA CENTRO;02;05;05630;JOSE CARLOS MARIATEGUI V ETAPA;P;SAN JUAN DE LURIGANCHO;LIMA CENTRO;;;;;;;
036;LIMA METROPOLITANA;039;DIRIS LIMA NORTE;25;01;05638;LEONCIO PRADO;C;V  RIMAC-SMP-LO;LIMA NORTE;;;;;;;
036;LIMA METROPOLITANA;039;DIRIS LIMA NORTE;25;01;05639;SAN JUAN DE AMANCAES;C;V  RIMAC-SMP-LO;LIMA NORTE;;;;;;;
036;LIMA METROPOLITANA;039;DIRIS LIMA NORTE;25;01;05640;CIUDAD Y CAMPO;C;V  RIMAC-SMP-LO;LIMA NORTE;;;;;;;
036;LIMA METROPOLITANA;039;DIRIS LIMA NORTE;25;01;05641;FLOR DE AMANCAES;C;V  RIMAC-SMP-LO;LIMA NORTE;;;;;;;
036;LIMA METROPOLITANA;039;DIRIS LIMA NORTE;25;01;05642;VILLA LOS ANGELES;P;V  RIMAC-SMP-LO;LIMA NORTE;;;;;;;
036;LIMA METROPOLITANA;039;DIRIS LIMA NORTE;25;01;05643;MARISCAL CASTILLA;C;V  RIMAC-SMP-LO;LIMA NORTE;;;;;;;
036;LIMA METROPOLITANA;039;DIRIS LIMA NORTE;25;01;05644;RIMAC;C;V  RIMAC-SMP-LO;LIMA NORTE;;;;;;;
036;LIMA METROPOLITANA;039;DIRIS LIMA NORTE;24;04;05734;RAUL PORRAS BARRENECHEA;C;TUPAC AMARU;LIMA NORTE;;;;;;;
036;LIMA METROPOLITANA;039;DIRIS LIMA NORTE;24;04;05735;EL PROGRESO;C;TUPAC AMARU;LIMA NORTE;;;;;;;
036;LIMA METROPOLITANA;039;DIRIS LIMA NORTE;24;04;05736;LA FLOR;C;TUPAC AMARU;LIMA NORTE;;;;;;;
036;LIMA METROPOLITANA;039;DIRIS LIMA NORTE;24;04;05737;VILLA ESPERANZA;C;TUPAC AMARU;LIMA NORTE;;;;;;;
036;LIMA METROPOLITANA;039;DIRIS LIMA NORTE;24;04;05738;JORGE LINGAN;P;TUPAC AMARU;LIMA NORTE;;;;;;;
036;LIMA METROPOLITANA;039;DIRIS LIMA NORTE;24;04;05739;LUIS ENRIQUE;P;TUPAC AMARU;LIMA NORTE;;;;;;;
036;LIMA METROPOLITANA;039;DIRIS LIMA NORTE;24;04;05740;PUNCHAUCA;P;TUPAC AMARU;LIMA NORTE;;;;;;;
036;LIMA METROPOLITANA;039;DIRIS LIMA NORTE;24;04;05741;CHOCAS;P;TUPAC AMARU;LIMA NORTE;;;;;;;
036;LIMA METROPOLITANA;039;DIRIS LIMA NORTE;25;02;05742;MEXICO;C;V  RIMAC-SMP-LO;LIMA NORTE;;;;;;;
036;LIMA METROPOLITANA;039;DIRIS LIMA NORTE;25;02;05743;PERU IV ZONA;C;V  RIMAC-SMP-LO;LIMA NORTE;;;;;;;
036;LIMA METROPOLITANA;039;DIRIS LIMA NORTE;25;02;05744;CONDEVILLA;C;V  RIMAC-SMP-LO;LIMA NORTE;;;;;;;
036;LIMA METROPOLITANA;039;DIRIS LIMA NORTE;25;02;05745;AMAKELLA;C;V  RIMAC-SMP-LO;LIMA NORTE;;;;;;;
036;LIMA METROPOLITANA;039;DIRIS LIMA NORTE;25;02;05746;LOS LIBERTADORES;C;V  RIMAC-SMP-LO;LIMA NORTE;;;;;;;
036;LIMA METROPOLITANA;039;DIRIS LIMA NORTE;25;02;05747;VALDIVIEZO;C;V  RIMAC-SMP-LO;LIMA NORTE;;;;;;;
036;LIMA METROPOLITANA;039;DIRIS LIMA NORTE;25;02;05748;SAN MARTIN DE PORRES;C;V  RIMAC-SMP-LO;LIMA NORTE;;;;;;;
036;LIMA METROPOLITANA;039;DIRIS LIMA NORTE;25;02;05749;PERU III ZONA;C;V  RIMAC-SMP-LO;LIMA NORTE;;;;;;;
036;LIMA METROPOLITANA;039;DIRIS LIMA NORTE;25;02;05750;CERRO LA REGLA;P;V  RIMAC-SMP-LO;LIMA NORTE;;;;;;;
036;LIMA METROPOLITANA;039;DIRIS LIMA NORTE;25;02;05751;GUSTAVO LANATTA LUJAN;C;V  RIMAC-SMP-LO;LIMA NORTE;;;;;;;
036;LIMA METROPOLITANA;039;DIRIS LIMA NORTE;25;01;05752;CAQUETA;C;V  RIMAC-SMP-LO;LIMA NORTE;;;;;;;
036;LIMA METROPOLITANA;039;DIRIS LIMA NORTE;24;03;05753;AÐO NUEVO;C;TUPAC AMARU;LIMA NORTE;;;;;;;
036;LIMA METROPOLITANA;039;DIRIS LIMA NORTE;24;03;05754;COLLIQUE III ZONA;C;TUPAC AMARU;LIMA NORTE;;;;;;;
036;LIMA METROPOLITANA;039;DIRIS LIMA NORTE;24;03;05755;CENTRO MATERNO INFANTIL LAURA RODRIGUEZ;C;TUPAC AMARU;LIMA NORTE;;;;;;;
036;LIMA METROPOLITANA;039;DIRIS LIMA NORTE;24;03;05756;GUSTAVO LANATTA;C;TUPAC AMARU;LIMA NORTE;;;;;;;
036;LIMA METROPOLITANA;039;DIRIS LIMA NORTE;24;03;05757;SANGARARA;C;TUPAC AMARU;LIMA NORTE;;;;;;;
036;LIMA METROPOLITANA;039;DIRIS LIMA NORTE;24;03;05758;PRIMAVERA;P;TUPAC AMARU;LIMA NORTE;;;;;;;
036;LIMA METROPOLITANA;039;DIRIS LIMA NORTE;24;03;05759;MILAGRO DE JESUS;P;TUPAC AMARU;LIMA NORTE;;;;;;;
036;LIMA METROPOLITANA;039;DIRIS LIMA NORTE;24;03;05760;SAN CARLOS;P;TUPAC AMARU;LIMA NORTE;;;;;;;
036;LIMA METROPOLITANA;039;DIRIS LIMA NORTE;24;03;05761;LOS GERANIOS;P;TUPAC AMARU;LIMA NORTE;;;;;;;
036;LIMA METROPOLITANA;039;DIRIS LIMA NORTE;24;03;05762;11 DE JULIO;P;TUPAC AMARU;LIMA NORTE;;;;;;;
036;LIMA METROPOLITANA;039;DIRIS LIMA NORTE;24;02;05763;CARLOS A. PROTZEL;C;TUPAC AMARU;LIMA NORTE;;;;;;;
036;LIMA METROPOLITANA;039;DIRIS LIMA NORTE;24;02;05764;CARMEN ALTO;C;TUPAC AMARU;LIMA NORTE;;;;;;;
036;LIMA METROPOLITANA;039;DIRIS LIMA NORTE;24;02;05765;CARMEN MEDIO;C;TUPAC AMARU;LIMA NORTE;;;;;;;
036;LIMA METROPOLITANA;039;DIRIS LIMA NORTE;24;02;05766;SANTA LUZMILA I;C;TUPAC AMARU;LIMA NORTE;;;;;;;
036;LIMA METROPOLITANA;039;DIRIS LIMA NORTE;24;02;05767;COMAS;C;TUPAC AMARU;LIMA NORTE;;;;;;;
036;LIMA METROPOLITANA;039;DIRIS LIMA NORTE;24;02;05768;CARLOS PHILLIPS;C;TUPAC AMARU;LIMA NORTE;;;;;;;
036;LIMA METROPOLITANA;039;DIRIS LIMA NORTE;24;02;05769;HUSARES DE JUNIN;C;TUPAC AMARU;LIMA NORTE;;;;;;;
036;LIMA METROPOLITANA;039;DIRIS LIMA NORTE;24;02;05770;SEÐOR DE LOS MILAGROS;P;TUPAC AMARU;LIMA NORTE;;;;;;;
036;LIMA METROPOLITANA;039;DIRIS LIMA NORTE;24;02;05771;LA PASCANA;P;TUPAC AMARU;LIMA NORTE;;;;;;;
036;LIMA METROPOLITANA;039;DIRIS LIMA NORTE;24;02;05772;CENTRO MATERNO INFANTIL SANTA LUZMILA II;C;TUPAC AMARU;LIMA NORTE;;;;;;;
036;LIMA METROPOLITANA;039;DIRIS LIMA NORTE;24;02;05773;CLORINDA MALAGA;C;TUPAC AMARU;LIMA NORTE;;;;;;;
036;LIMA METROPOLITANA;039;DIRIS LIMA NORTE;24;01;05786;ERMITAÐO ALTO;C;TUPAC AMARU;LIMA NORTE;;;;;;;
036;LIMA METROPOLITANA;039;DIRIS LIMA NORTE;24;01;05787;ERMITAÐO BAJO;C;TUPAC AMARU;LIMA NORTE;;;;;;;
036;LIMA METROPOLITANA;039;DIRIS LIMA NORTE;24;01;05788;EL CARMEN;P;TUPAC AMARU;LIMA NORTE;;;;;;;
036;LIMA METROPOLITANA;039;DIRIS LIMA NORTE;24;01;05789;PUESTO DE SALUD LOS QUECHUAS;P;TUPAC AMARU;LIMA NORTE;;;;;;;
036;LIMA METROPOLITANA;039;DIRIS LIMA NORTE;24;01;05790;MILAGRO DE LA FRATERNIDAD;C;TUPAC AMARU;LIMA NORTE;;;;;;;
036;LIMA METROPOLITANA;039;DIRIS LIMA NORTE;24;01;05791;TAHUANTINSUYO BAJO;C;TUPAC AMARU;LIMA NORTE;;;;;;;
036;LIMA METROPOLITANA;039;DIRIS LIMA NORTE;24;01;05792;TAHUANTINSUYO ALTO;C;TUPAC AMARU;LIMA NORTE;;;;;;;
036;LIMA METROPOLITANA;039;DIRIS LIMA NORTE;24;01;05793;TUPAC AMARU;C;TUPAC AMARU;LIMA NORTE;;;;;;;
036;LIMA METROPOLITANA;039;DIRIS LIMA NORTE;24;01;05794;LAS AMERICAS;P;TUPAC AMARU;LIMA NORTE;;;;;;;
036;LIMA METROPOLITANA;039;DIRIS LIMA NORTE;24;01;05795;VICTOR RAUL HAYA DE LA TORRE;P;TUPAC AMARU;LIMA NORTE;;;;;;;
036;LIMA METROPOLITANA;039;DIRIS LIMA NORTE;24;01;05796;JOSE OLAYA;P;TUPAC AMARU;LIMA NORTE;;;;;;;
036;LIMA METROPOLITANA;039;DIRIS LIMA NORTE;25;03;05797;SAN MARTIN DE PORRES;P;V  RIMAC-SMP-LO;LIMA NORTE;;;;;;;
036;LIMA METROPOLITANA;039;DIRIS LIMA NORTE;25;03;05798;LAURA CALLER;C;V  RIMAC-SMP-LO;LIMA NORTE;;;;;;;
036;LIMA METROPOLITANA;039;DIRIS LIMA NORTE;25;03;05799;CLAS JUAN PABLO II;C;V  RIMAC-SMP-LO;LIMA NORTE;;;;;;;
036;LIMA METROPOLITANA;039;DIRIS LIMA NORTE;25;03;05800;ENRIQUE MILLA OCHOA;C;V  RIMAC-SMP-LO;LIMA NORTE;;;;;;;
036;LIMA METROPOLITANA;039;DIRIS LIMA NORTE;25;03;05801;LOS OLIVOS DE PRO;C;V  RIMAC-SMP-LO;LIMA NORTE;;;;;;;
036;LIMA METROPOLITANA;039;DIRIS LIMA NORTE;25;03;05802;LOS OLIVOS;C;V  RIMAC-SMP-LO;LIMA NORTE;;;;;;;
036;LIMA METROPOLITANA;039;DIRIS LIMA NORTE;25;03;05803;PRIMAVERA;C;V  RIMAC-SMP-LO;LIMA NORTE;;;;;;;
036;LIMA METROPOLITANA;039;DIRIS LIMA NORTE;25;02;05804;VIRGEN DEL PILAR DE NARANJAL;C;V  RIMAC-SMP-LO;LIMA NORTE;;;;;;;
036;LIMA METROPOLITANA;039;DIRIS LIMA NORTE;25;02;05805;MESA REDONDA;P;V  RIMAC-SMP-LO;LIMA NORTE;;;;;;;
036;LIMA METROPOLITANA;039;DIRIS LIMA NORTE;25;03;05806;VILLA DEL NORTE;C;V  RIMAC-SMP-LO;LIMA NORTE;;;;;;;
036;LIMA METROPOLITANA;039;DIRIS LIMA NORTE;25;03;05807;CARLOS CUETO FERNANDINI;C;V  RIMAC-SMP-LO;LIMA NORTE;;;;;;;
036;LIMA METROPOLITANA;039;DIRIS LIMA NORTE;25;02;05808;CERRO CANDELA;P;V  RIMAC-SMP-LO;LIMA NORTE;;;;;;;
036;LIMA METROPOLITANA;039;DIRIS LIMA NORTE;25;02;05809;EX FUNDO NARANJAL;C;V  RIMAC-SMP-LO;LIMA NORTE;;;;;;;
036;LIMA METROPOLITANA;039;DIRIS LIMA NORTE;25;03;05810;SAGRADO CORAZON DE JESUS;C;V  RIMAC-SMP-LO;LIMA NORTE;;;;;;;
036;LIMA METROPOLITANA;039;DIRIS LIMA NORTE;25;02;05811;INFANTAS;C;V  RIMAC-SMP-LO;LIMA NORTE;;;;;;;
036;LIMA METROPOLITANA;039;DIRIS LIMA NORTE;25;02;05812;CENTRO DE SALUD SAN JUAN DE SALINAS;C;V  RIMAC-SMP-LO;LIMA NORTE;;;;;;;
036;LIMA METROPOLITANA;039;DIRIS LIMA NORTE;25;03;05813;RIO SANTA;C;V  RIMAC-SMP-LO;LIMA NORTE;;;;;;;
036;LIMA METROPOLITANA;039;DIRIS LIMA NORTE;26;02;05814;CENTRO DE SALUD MATERNO INFANTIL ANCON;C;RED DE SALUD LIMA NORTE IV;LIMA NORTE;;;;;;;
036;LIMA METROPOLITANA;039;DIRIS LIMA NORTE;26;01;05815;SAGRADO CORAZON DE JESUS;P;RED DE SALUD LIMA NORTE IV;LIMA NORTE;;;;;;;
036;LIMA METROPOLITANA;039;DIRIS LIMA NORTE;26;02;05816;MATERNO INFANTIL DR. ENRIQUE MARTIN ALTUNA;C;RED DE SALUD LIMA NORTE IV;LIMA NORTE;;;;;;;
036;LIMA METROPOLITANA;039;DIRIS LIMA NORTE;26;01;05817;SANTA ROSA;C;RED DE SALUD LIMA NORTE IV;LIMA NORTE;;;;;;;
036;LIMA METROPOLITANA;039;DIRIS LIMA NORTE;26;02;05818;JERUSALEN;C;RED DE SALUD LIMA NORTE IV;LIMA NORTE;;;;;;;
036;LIMA METROPOLITANA;039;DIRIS LIMA NORTE;26;01;05819;LADERAS DE CHILLON;C;RED DE SALUD LIMA NORTE IV;LIMA NORTE;;;;;;;
036;LIMA METROPOLITANA;039;DIRIS LIMA NORTE;26;01;05820;LA ENSENADA;C;RED DE SALUD LIMA NORTE IV;LIMA NORTE;;;;;;;
036;LIMA METROPOLITANA;039;DIRIS LIMA NORTE;26;01;05821;LOS SUREÐOS;C;RED DE SALUD LIMA NORTE IV;LIMA NORTE;;;;;;;
036;LIMA METROPOLITANA;039;DIRIS LIMA NORTE;26;01;05822;SAN PEDRO DE CARABAYLLO;P;RED DE SALUD LIMA NORTE IV;LIMA NORTE;;;;;;;
036;LIMA METROPOLITANA;039;DIRIS LIMA NORTE;26;02;05823;VILLA ESTELA;C;RED DE SALUD LIMA NORTE IV;LIMA NORTE;;;;;;;
036;LIMA METROPOLITANA;039;DIRIS LIMA NORTE;26;02;05824;SAN JOSE;P;RED DE SALUD LIMA NORTE IV;LIMA NORTE;;;;;;;
036;LIMA METROPOLITANA;039;DIRIS LIMA NORTE;26;02;05825;VIRGEN DE LAS MERCEDES;P;RED DE SALUD LIMA NORTE IV;LIMA NORTE;;;;;;;
036;LIMA METROPOLITANA;037;DIRIS LIMA CENTRO;02;02;05834;LA LIBERTAD;C;SAN JUAN DE LURIGANCHO;LIMA CENTRO;;;;;;;
036;LIMA METROPOLITANA;037;DIRIS LIMA CENTRO;02;02;05835;LA HUAYRONA;C;SAN JUAN DE LURIGANCHO;LIMA CENTRO;;;;;;;
036;LIMA METROPOLITANA;037;DIRIS LIMA CENTRO;02;02;05836;SANTA FE DE TOTORITA;C;SAN JUAN DE LURIGANCHO;LIMA CENTRO;;;;;;;
036;LIMA METROPOLITANA;037;DIRIS LIMA CENTRO;02;02;05837;SAN HILARION;C;SAN JUAN DE LURIGANCHO;LIMA CENTRO;;;;;;;
036;LIMA METROPOLITANA;037;DIRIS LIMA CENTRO;02;02;05838;SAN FERNANDO;C;SAN JUAN DE LURIGANCHO;LIMA CENTRO;;;;;;;
036;LIMA METROPOLITANA;037;DIRIS LIMA CENTRO;02;02;05839;15 DE ENERO;P;SAN JUAN DE LURIGANCHO;LIMA CENTRO;;;;;;;
036;LIMA METROPOLITANA;037;DIRIS LIMA CENTRO;02;02;05840;SANTA ROSA DE LIMA;C;SAN JUAN DE LURIGANCHO;LIMA CENTRO;;;;;;;
036;LIMA METROPOLITANA;037;DIRIS LIMA CENTRO;02;01;05841;CHACARILLA DE OTERO;C;SAN JUAN DE LURIGANCHO;LIMA CENTRO;;;;;;;
036;LIMA METROPOLITANA;039;DIRIS LIMA NORTE;00;00;05842;PIEDRA LIZA;C;NO PERTENECE A NINGUNA RED;LIMA NORTE;;;;;;;
036;LIMA METROPOLITANA;036;NO TIENE ASIGNADO DIRIS;00;00;05843;SAN BENITO;P;NO PERTENECE A NINGUNA RED;;;;;;;;
036;LIMA METROPOLITANA;037;DIRIS LIMA CENTRO;02;01;05844;AZCARRUNZ ALTO;P;SAN JUAN DE LURIGANCHO;LIMA CENTRO;;;;;;;
036;LIMA METROPOLITANA;037;DIRIS LIMA CENTRO;02;01;05845;DANIEL ALCIDES CARRION;P;SAN JUAN DE LURIGANCHO;LIMA CENTRO;;;;;;;
036;LIMA METROPOLITANA;037;DIRIS LIMA CENTRO;02;01;05846;CAJA DE AGUA;C;SAN JUAN DE LURIGANCHO;LIMA CENTRO;;;;;;;
036;LIMA METROPOLITANA;037;DIRIS LIMA CENTRO;02;01;05847;MANGOMARCA;C;SAN JUAN DE LURIGANCHO;LIMA CENTRO;;;;;;;
036;LIMA METROPOLITANA;037;DIRIS LIMA CENTRO;02;01;05848;CAMPOY;C;SAN JUAN DE LURIGANCHO;LIMA CENTRO;;;;;;;
036;LIMA METROPOLITANA;037;DIRIS LIMA CENTRO;02;01;05849;ZARATE;C;SAN JUAN DE LURIGANCHO;LIMA CENTRO;;;;;;;
036;LIMA METROPOLITANA;038;DIRIS LIMA ESTE;01;04;05851;FORTALEZA;C;LIMA ESTE METROPOLITANA;LIMA ESTE;;;;;;;
036;LIMA METROPOLITANA;038;DIRIS LIMA ESTE;01;02;05852;COOPERATIVA UNIVERSAL;C;LIMA ESTE METROPOLITANA;LIMA ESTE;;;;;;;
036;LIMA METROPOLITANA;038;DIRIS LIMA ESTE;01;02;05853;CHANCAS DE ANDAHUAYLAS;C;LIMA ESTE METROPOLITANA;LIMA ESTE;;;;;;;
036;LIMA METROPOLITANA;038;DIRIS LIMA ESTE;01;02;05854;HUASCAR;C;LIMA ESTE METROPOLITANA;LIMA ESTE;;;;;;;
036;LIMA METROPOLITANA;038;DIRIS LIMA ESTE;01;02;05855;METROPOLITANA;P;LIMA ESTE METROPOLITANA;LIMA ESTE;;;;;;;
036;LIMA METROPOLITANA;038;DIRIS LIMA ESTE;01;02;05856;SAN CARLOS;C;LIMA ESTE METROPOLITANA;LIMA ESTE;;;;;;;
036;LIMA METROPOLITANA;038;DIRIS LIMA ESTE;01;02;05857;VIÐA SAN FRANCISCO;P;LIMA ESTE METROPOLITANA;LIMA ESTE;;;;;;;
036;LIMA METROPOLITANA;036;NO TIENE ASIGNADO DIRIS;01;02;05858;MERCADO DE PRODUCTORES;P;LIMA ESTE METROPOLITANA;;;;;;;;
036;LIMA METROPOLITANA;038;DIRIS LIMA ESTE;01;08;05861;MOYOPAMPA;C;LIMA ESTE METROPOLITANA;LIMA ESTE;;;;;;;
036;LIMA METROPOLITANA;038;DIRIS LIMA ESTE;01;08;05862;CHOSICA;C;LIMA ESTE METROPOLITANA;LIMA ESTE;;;;;;;
036;LIMA METROPOLITANA;038;DIRIS LIMA ESTE;01;08;05863;NICOLAS DE PIEROLA;C;LIMA ESTE METROPOLITANA;LIMA ESTE;;;;;;;
036;LIMA METROPOLITANA;038;DIRIS LIMA ESTE;01;08;05864;SAN ANTONIO DE PEDREGAL;C;LIMA ESTE METROPOLITANA;LIMA ESTE;;;;;;;
036;LIMA METROPOLITANA;038;DIRIS LIMA ESTE;01;08;05865;CHACRASANA;P;LIMA ESTE METROPOLITANA;LIMA ESTE;;;;;;;
036;LIMA METROPOLITANA;038;DIRIS LIMA ESTE;01;08;05866;YANACOTO;P;LIMA ESTE METROPOLITANA;LIMA ESTE;;;;;;;
036;LIMA METROPOLITANA;038;DIRIS LIMA ESTE;01;08;05867;MARISCAL CASTILLA;P;LIMA ESTE METROPOLITANA;LIMA ESTE;;;;;;;
036;LIMA METROPOLITANA;038;DIRIS LIMA ESTE;01;08;05868;SEÐOR DE LOS MILAGROS;P;LIMA ESTE METROPOLITANA;LIMA ESTE;;;;;;;
036;LIMA METROPOLITANA;038;DIRIS LIMA ESTE;01;08;05869;VILLA  DEL SOL;P;LIMA ESTE METROPOLITANA;LIMA ESTE;;;;;;;
036;LIMA METROPOLITANA;038;DIRIS LIMA ESTE;01;08;05870;PABLO PATRON;P;LIMA ESTE METROPOLITANA;LIMA ESTE;;;;;;;
036;LIMA METROPOLITANA;038;DIRIS LIMA ESTE;01;10;05883;HOSPITAL DE BAJA COMPLEJIDAD HUAYCAN;H;LIMA ESTE METROPOLITANA;LIMA ESTE;;;;;;;
036;LIMA METROPOLITANA;038;DIRIS LIMA ESTE;01;03;05884;HORACIO ZEVALLOS;P;LIMA ESTE METROPOLITANA;LIMA ESTE;;;;;;;
036;LIMA METROPOLITANA;038;DIRIS LIMA ESTE;01;03;05885;SEÐOR DE LOS MILAGROS;C;LIMA ESTE METROPOLITANA;LIMA ESTE;;;;;;;
036;LIMA METROPOLITANA;038;DIRIS LIMA ESTE;01;09;05897;JICAMARCA;C;LIMA ESTE METROPOLITANA;LIMA ESTE;;;;;;;
036;LIMA METROPOLITANA;038;DIRIS LIMA ESTE;01;09;05898;SANTA MARIA DE HUACHIPA;C;LIMA ESTE METROPOLITANA;LIMA ESTE;;;;;;;
036;LIMA METROPOLITANA;038;DIRIS LIMA ESTE;01;09;05899;VIRGEN DEL ROSARIO CARAPONGO;P;LIMA ESTE METROPOLITANA;LIMA ESTE;;;;;;;
036;LIMA METROPOLITANA;038;DIRIS LIMA ESTE;01;09;05900;VILLA LETICIA DE CAJAMARQUILLA;C;LIMA ESTE METROPOLITANA;LIMA ESTE;;;;;;;
036;LIMA METROPOLITANA;038;DIRIS LIMA ESTE;01;09;05901;ALTO PERU;P;LIMA ESTE METROPOLITANA;LIMA ESTE;;;;;;;
036;LIMA METROPOLITANA;038;DIRIS LIMA ESTE;01;09;05902;NIEVERIA DEL PARAISO;C;LIMA ESTE METROPOLITANA;LIMA ESTE;;;;;;;
036;LIMA METROPOLITANA;038;DIRIS LIMA ESTE;01;06;05903;LA MOLINA;C;LIMA ESTE METROPOLITANA;LIMA ESTE;;;;;;;
036;LIMA METROPOLITANA;038;DIRIS LIMA ESTE;01;06;05904;MUSA;C;LIMA ESTE METROPOLITANA;LIMA ESTE;;;;;;;
036;LIMA METROPOLITANA;036;NO TIENE ASIGNADO DIRIS;01;06;05905;COVIMA;P;LIMA ESTE METROPOLITANA;;;;;;;;
036;LIMA METROPOLITANA;038;DIRIS LIMA ESTE;01;06;05906;MATAZANGO;P;LIMA ESTE METROPOLITANA;LIMA ESTE;;;;;;;
036;LIMA METROPOLITANA;038;DIRIS LIMA ESTE;01;06;05907;PORTADA DEL SOL;P;LIMA ESTE METROPOLITANA;LIMA ESTE;;;;;;;
036;LIMA METROPOLITANA;038;DIRIS LIMA ESTE;01;01;05918;MADRE TERESA  CALCUTA;C;LIMA ESTE METROPOLITANA;LIMA ESTE;;;;;;;
036;LIMA METROPOLITANA;038;DIRIS LIMA ESTE;01;01;05919;CATALINA HUANCA;C;LIMA ESTE METROPOLITANA;LIMA ESTE;;;;;;;
036;LIMA METROPOLITANA;038;DIRIS LIMA ESTE;01;01;05920;BETHANIA;C;LIMA ESTE METROPOLITANA;LIMA ESTE;;;;;;;
036;LIMA METROPOLITANA;038;DIRIS LIMA ESTE;01;01;05921;ANCIETA BAJA;C;LIMA ESTE METROPOLITANA;LIMA ESTE;;;;;;;
036;LIMA METROPOLITANA;038;DIRIS LIMA ESTE;01;01;05922;PRIMAVERA;C;LIMA ESTE METROPOLITANA;LIMA ESTE;;;;;;;
036;LIMA METROPOLITANA;038;DIRIS LIMA ESTE;01;01;05923;EL AGUSTINO;C;LIMA ESTE METROPOLITANA;LIMA ESTE;;;;;;;
036;LIMA METROPOLITANA;038;DIRIS LIMA ESTE;01;02;05924;NOCHETO;C;LIMA ESTE METROPOLITANA;LIMA ESTE;;;;;;;
036;LIMA METROPOLITANA;038;DIRIS LIMA ESTE;01;02;05925;SANTA ROSA DE QUIVES;P;LIMA ESTE METROPOLITANA;LIMA ESTE;;;;;;;
036;LIMA METROPOLITANA;038;DIRIS LIMA ESTE;01;03;05926;EL ╩XITO;C;LIMA ESTE METROPOLITANA;LIMA ESTE;;;;;;;
036;LIMA METROPOLITANA;038;DIRIS LIMA ESTE;01;03;05927;SANTA CLARA;C;LIMA ESTE METROPOLITANA;LIMA ESTE;;;;;;;
036;LIMA METROPOLITANA;038;DIRIS LIMA ESTE;01;03;05928;MANYLSA;C;LIMA ESTE METROPOLITANA;LIMA ESTE;;;;;;;
036;LIMA METROPOLITANA;038;DIRIS LIMA ESTE;01;04;05929;MICAELA BASTIDAS;C;LIMA ESTE METROPOLITANA;LIMA ESTE;;;;;;;
036;LIMA METROPOLITANA;038;DIRIS LIMA ESTE;01;04;05930;ATE;P;LIMA ESTE METROPOLITANA;LIMA ESTE;;;;;;;
036;LIMA METROPOLITANA;038;DIRIS LIMA ESTE;01;03;05931;AMAUTA;P;LIMA ESTE METROPOLITANA;LIMA ESTE;;;;;;;
036;LIMA METROPOLITANA;038;DIRIS LIMA ESTE;01;03;05932;SAN ANTONIO;C;LIMA ESTE METROPOLITANA;LIMA ESTE;;;;;;;
036;LIMA METROPOLITANA;038;DIRIS LIMA ESTE;01;04;05933;ALFA Y OMEGA;P;LIMA ESTE METROPOLITANA;LIMA ESTE;;;;;;;
036;LIMA METROPOLITANA;036;NO TIENE ASIGNADO DIRIS;01;04;05934;PURUCHUCO;P;LIMA ESTE METROPOLITANA;;;;;;;;
036;LIMA METROPOLITANA;038;DIRIS LIMA ESTE;01;07;05935;CHACLACAYO - LOPEZ SILVA;C;LIMA ESTE METROPOLITANA;LIMA ESTE;;;;;;;
036;LIMA METROPOLITANA;038;DIRIS LIMA ESTE;01;07;05936;MORON;C;LIMA ESTE METROPOLITANA;LIMA ESTE;;;;;;;
036;LIMA METROPOLITANA;038;DIRIS LIMA ESTE;01;07;05937;PROGRESO;C;LIMA ESTE METROPOLITANA;LIMA ESTE;;;;;;;
036;LIMA METROPOLITANA;038;DIRIS LIMA ESTE;01;07;05938;MIGUEL GRAU;C;LIMA ESTE METROPOLITANA;LIMA ESTE;;;;;;;
036;LIMA METROPOLITANA;038;DIRIS LIMA ESTE;01;07;05939;PERLA DEL SOL;P;LIMA ESTE METROPOLITANA;LIMA ESTE;;;;;;;
036;LIMA METROPOLITANA;038;DIRIS LIMA ESTE;01;07;05940;HUASCATA;P;LIMA ESTE METROPOLITANA;LIMA ESTE;;;;;;;
036;LIMA METROPOLITANA;038;DIRIS LIMA ESTE;01;07;05941;VILLA RICA;P;LIMA ESTE METROPOLITANA;LIMA ESTE;;;;;;;
036;LIMA METROPOLITANA;038;DIRIS LIMA ESTE;01;07;05942;TRES DE OCTUBRE;P;LIMA ESTE METROPOLITANA;LIMA ESTE;;;;;;;
036;LIMA METROPOLITANA;038;DIRIS LIMA ESTE;01;07;05943;ALTO HUAMPANI;P;LIMA ESTE METROPOLITANA;LIMA ESTE;;;;;;;
036;LIMA METROPOLITANA;038;DIRIS LIMA ESTE;01;07;05944;VIRGEN DEL CARMEN - LA ERA;C;LIMA ESTE METROPOLITANA;LIMA ESTE;;;;;;;
036;LIMA METROPOLITANA;038;DIRIS LIMA ESTE;00;00;05945;HOSPITAL VITARTE;H;NO PERTENECE A NINGUNA RED;LIMA ESTE;;;;;;;
036;LIMA METROPOLITANA;038;DIRIS LIMA ESTE;00;00;05946;HOSPITAL NACIONAL HIPOLITO UNANUE;H;NO PERTENECE A NINGUNA RED;LIMA ESTE;;;;;;;
036;LIMA METROPOLITANA;038;DIRIS LIMA ESTE;00;00;05947;HOSPITAL DE MEDIANA COMPLEJIDAD JOSE AGURTO TELLO;H;NO PERTENECE A NINGUNA RED;LIMA ESTE;;;;;;;
036;LIMA METROPOLITANA;038;DIRIS LIMA ESTE;01;00;05948;HOSPITAL HERMILIO VALDIZAN;H;LIMA ESTE METROPOLITANA;LIMA ESTE;;;;;;;
036;LIMA METROPOLITANA;038;DIRIS LIMA ESTE;01;05;05962;GUSTAVO LANATTA;C;LIMA ESTE METROPOLITANA;LIMA ESTE;;;;;;;
036;LIMA METROPOLITANA;038;DIRIS LIMA ESTE;01;05;05963;SALAMANCA;C;LIMA ESTE METROPOLITANA;LIMA ESTE;;;;;;;
036;LIMA METROPOLITANA;038;DIRIS LIMA ESTE;01;05;05964;EL BOSQUE;C;LIMA ESTE METROPOLITANA;LIMA ESTE;;;;;;;
036;LIMA METROPOLITANA;038;DIRIS LIMA ESTE;01;05;05965;SANTA MAGDALENA SOFIA;C;LIMA ESTE METROPOLITANA;LIMA ESTE;;;;;;;
036;LIMA METROPOLITANA;038;DIRIS LIMA ESTE;01;05;05966;SAN FERNANDO;C;LIMA ESTE METROPOLITANA;LIMA ESTE;;;;;;;
036;LIMA METROPOLITANA;038;DIRIS LIMA ESTE;01;05;05967;7 DE OCTUBRE;C;LIMA ESTE METROPOLITANA;LIMA ESTE;;;;;;;
036;LIMA METROPOLITANA;038;DIRIS LIMA ESTE;01;06;05978;TAMBO VIEJO;C;LIMA ESTE METROPOLITANA;LIMA ESTE;;;;;;;
036;LIMA METROPOLITANA;038;DIRIS LIMA ESTE;01;06;05979;HUAYCAN DE CIENEGUILLA;P;LIMA ESTE METROPOLITANA;LIMA ESTE;;;;;;;
036;LIMA METROPOLITANA;038;DIRIS LIMA ESTE;01;06;05980;COLCA;P;LIMA ESTE METROPOLITANA;LIMA ESTE;;;;;;;
036;LIMA METROPOLITANA;038;DIRIS LIMA ESTE;01;08;05982;CENTRO REFERENCIAL ESPECIALIZADO EN REHABILITACION Y TERAPIA FISICA DE CHOSICA;C;LIMA ESTE METROPOLITANA;LIMA ESTE;;;;;;;
036;LIMA METROPOLITANA;036;NO TIENE ASIGNADO DIRIS;00;00;05983;CENTRO REHABILITACION DE NANA;P;NO PERTENECE A NINGUNA RED;;;;;;;;
036;LIMA METROPOLITANA;036;NO TIENE ASIGNADO DIRIS;01;08;05984;CENTRO VETERINARIO Y ZOONOSIS;P;LIMA ESTE METROPOLITANA;;;;;;;;
036;LIMA METROPOLITANA;040;DIRIS LIMA SUR;00;00;05987;HOSPITAL MARIA AUXILIADORA;H;NO PERTENECE A NINGUNA RED;LIMA SUR;III-1;SAN JUAN DE MIRAFLORES;NO PERTENECE A NINGUNA MICRORED;SAN JUAN DE MIRAFLORES;-76.9591024;-12.1605768;NO
036;LIMA METROPOLITANA;040;DIRIS LIMA SUR;01;00;05988;C.S. ALICIA LASTRES DE LA TORRE;C;BARRANCO - CHORRILLOS - SURCO;LIMA SUR;I-3;BARRANCO;URBANA;BARRANCO CHORRILLOS SURCO;-77.0224199;-12.1445771;SI
036;LIMA METROPOLITANA;040;DIRIS LIMA SUR;01;01;05989;C.S. GAUDENCIO BERNASCONI;C;BARRANCO - CHORRILLOS - SURCO;LIMA SUR;I-3;BARRANCO;URBANA;BARRANCO CHORRILLOS SURCO;-77.0204924;-12.1504676;SI
036;LIMA METROPOLITANA;040;DIRIS LIMA SUR;01;01;05990;C.S. GUSTAVO LANATTA LUJAN;C;BARRANCO - CHORRILLOS - SURCO;LIMA SUR;I-3;CHORRILLOS;URBANA;BARRANCO CHORRILLOS SURCO;-77.0240399;-12.1692159;SI
036;LIMA METROPOLITANA;040;DIRIS LIMA SUR;01;01;05991;C.M.I. VIRGEN DEL CARMEN;C;BARRANCO - CHORRILLOS - SURCO;LIMA SUR;I-4;CHORRILLOS;URBANA;BARRANCO CHORRILLOS SURCO;-77.0202982;-12.1659155;SI
036;LIMA METROPOLITANA;040;DIRIS LIMA SUR;01;01;05992;P.S. ARMATAMBO;P;BARRANCO - CHORRILLOS - SURCO;LIMA SUR;I-2;CHORRILLOS;URBANA;BARRANCO CHORRILLOS SURCO;-77.0217643;-12.1769749;SI
036;LIMA METROPOLITANA;040;DIRIS LIMA SUR;01;03;05993;C.S. SANTIAGO DE SURCO;C;BARRANCO - CHORRILLOS - SURCO;LIMA SUR;I-3;SANTIAGO DE SURCO;SURCO;BARRANCO CHORRILLOS SURCO;-77.0061782;-12.1473252;SI
036;LIMA METROPOLITANA;040;DIRIS LIMA SUR;01;03;05994;P.S. SAN CARLOS;P;BARRANCO - CHORRILLOS - SURCO;LIMA SUR;I-1;SANTIAGO DE SURCO;SURCO;BARRANCO CHORRILLOS SURCO;-77.0163502;-12.1529437;SI
036;LIMA METROPOLITANA;040;DIRIS LIMA SUR;01;03;05995;P.S. SAN ROQUE;P;BARRANCO - CHORRILLOS - SURCO;LIMA SUR;I-2;SANTIAGO DE SURCO;SURCO;BARRANCO CHORRILLOS SURCO;-76.9888038;-12.1491162;SI
036;LIMA METROPOLITANA;040;DIRIS LIMA SUR;01;03;05996;P.S. LOS VIÑEDOS DE SURCO;P;BARRANCO - CHORRILLOS - SURCO;LIMA SUR;I-2;SANTIAGO DE SURCO;SURCO;BARRANCO CHORRILLOS SURCO;-76.9903538;-12.162636;SI
036;LIMA METROPOLITANA;040;DIRIS LIMA SUR;01;01;05997;P.S. LAS FLORES;P;BARRANCO - CHORRILLOS - SURCO;LIMA SUR;I-2;SANTIAGO DE SURCO;SURCO;BARRANCO CHORRILLOS SURCO;-76.9749463;-12.1077139;SI
036;LIMA METROPOLITANA;040;DIRIS LIMA SUR;01;02;05998;C.M.I. BUENOS AIRES DE VILLA;C;BARRANCO - CHORRILLOS - SURCO;LIMA SUR;I-4;CHORRILLOS;VILLA;BARRANCO CHORRILLOS SURCO;-77.0048744;-12.1887664;SI
036;LIMA METROPOLITANA;040;DIRIS LIMA SUR;01;02;05999;C.S. DELICIAS DE VILLA;C;BARRANCO - CHORRILLOS - SURCO;LIMA SUR;I-3;CHORRILLOS;VILLA;BARRANCO CHORRILLOS SURCO;-76.9928642;-12.1987789;SI
036;LIMA METROPOLITANA;040;DIRIS LIMA SUR;01;02;06000;C.S. SAN GENARO DE VILLA;C;BARRANCO - CHORRILLOS - SURCO;LIMA SUR;I-4;CHORRILLOS;VILLA;BARRANCO CHORRILLOS SURCO;-77.0214915;-12.1948675;SI
036;LIMA METROPOLITANA;040;DIRIS LIMA SUR;01;02;06001;P.S. VISTA ALEGRE DE VILLA;P;BARRANCO - CHORRILLOS - SURCO;LIMA SUR;I-2;CHORRILLOS;VILLA;BARRANCO CHORRILLOS SURCO;-76.9926975;-12.1870541;SI
036;LIMA METROPOLITANA;040;DIRIS LIMA SUR;01;02;06002;P.S. SANTA ISABEL DE VILLA;P;BARRANCO - CHORRILLOS - SURCO;LIMA SUR;I-2;CHORRILLOS;VILLA;BARRANCO CHORRILLOS SURCO;-76.9780982;-12.2005471;SI
036;LIMA METROPOLITANA;040;DIRIS LIMA SUR;01;02;06003;C.S. TUPAC AMARU DE VILLA;C;BARRANCO - CHORRILLOS - SURCO;LIMA SUR;I-3;CHORRILLOS;VILLA;BARRANCO CHORRILLOS SURCO;-76.9819614;-12.1936588;SI
036;LIMA METROPOLITANA;040;DIRIS LIMA SUR;01;02;06004;P.S. SAN JUAN DE LA LIBERTAD;P;BARRANCO - CHORRILLOS - SURCO;LIMA SUR;I-2;CHORRILLOS;VILLA;BARRANCO CHORRILLOS SURCO;-76.9867202;-12.1909476;SI
036;LIMA METROPOLITANA;040;DIRIS LIMA SUR;01;02;06005;P.S. MATEO PUMACAHUA;P;BARRANCO - CHORRILLOS - SURCO;LIMA SUR;I-2;CHORRILLOS;VILLA;BARRANCO CHORRILLOS SURCO;-76.9801201;-12.1886598;SI
036;LIMA METROPOLITANA;040;DIRIS LIMA SUR;01;02;06006;P.S. SANTA TERESA DE CHORRILLOS;P;BARRANCO - CHORRILLOS - SURCO;LIMA SUR;I-2;CHORRILLOS;VILLA;BARRANCO CHORRILLOS SURCO;-77.0176748;-12.1870476;SI
036;LIMA METROPOLITANA;040;DIRIS LIMA SUR;01;02;06007;P.S. VILLA VENTURO;P;BARRANCO - CHORRILLOS - SURCO;LIMA SUR;I-2;CHORRILLOS;VILLA;BARRANCO CHORRILLOS SURCO;-77.0126753;-12.1875226;SI
036;LIMA METROPOLITANA;040;DIRIS LIMA SUR;01;02;06008;P.S. NUEVA CALEDONIA;P;BARRANCO - CHORRILLOS - SURCO;LIMA SUR;I-2;CHORRILLOS;VILLA;BARRANCO CHORRILLOS SURCO;-77.0260851;-12.1970405;SI
036;LIMA METROPOLITANA;040;DIRIS LIMA SUR;01;02;06009;P.S. LOS INCAS;P;BARRANCO - CHORRILLOS - SURCO;LIMA SUR;I-2;CHORRILLOS;VILLA;BARRANCO CHORRILLOS SURCO;-77.013183;-12.2023962;SI
036;LIMA METROPOLITANA;040;DIRIS LIMA SUR;01;02;06010;P.S. DEFENSORES DE LIMA;P;BARRANCO - CHORRILLOS - SURCO;LIMA SUR;I-2;CHORRILLOS;VILLA;BARRANCO CHORRILLOS SURCO;-76.9754912;-12.194111;SI
036;LIMA METROPOLITANA;040;DIRIS LIMA SUR;03;05;06079;C.M.I. LURIN;C;VILLA EL SALVADOR - LURIN - PACHACAMAC - PUCUSANA;LIMA SUR;I-4;LURIN;LURIN;LURIN Y BALNEARIOS;-76.8695747;-12.2736699;NO
036;LIMA METROPOLITANA;040;DIRIS LIMA SUR;03;05;06080;C.S. CLAS JULIO C TELLO;C;VILLA EL SALVADOR - LURIN - PACHACAMAC - PUCUSANA;LIMA SUR;I-3;LURIN;LURIN;LURIN Y BALNEARIOS;-76.8992625;-12.251321;SI
036;LIMA METROPOLITANA;040;DIRIS LIMA SUR;03;05;06081;C.S. CLAS NUEVO LURIN - KM. 40;C;VILLA EL SALVADOR - LURIN - PACHACAMAC - PUCUSANA;LIMA SUR;I-3;LURIN;LURIN;LURIN Y BALNEARIOS;-76.8544312;-12.2954167;SI
036;LIMA METROPOLITANA;040;DIRIS LIMA SUR;03;05;06082;C.S. CLAS VILLA ALEJANDRO;C;VILLA EL SALVADOR - LURIN - PACHACAMAC - PUCUSANA;LIMA SUR;I-3;LURIN;LURIN;LURIN Y BALNEARIOS;-76.9098255;-12.2361611;SI
036;LIMA METROPOLITANA;040;DIRIS LIMA SUR;03;05;06083;P.S. BUENA VISTA;P;VILLA EL SALVADOR - LURIN - PACHACAMAC - PUCUSANA;LIMA SUR;I-2;LURIN;LURIN;LURIN Y BALNEARIOS;-76.8746335;-12.2569375;SI
036;LIMA METROPOLITANA;040;DIRIS LIMA SUR;03;07;06084;C.S. PUCUSANA;C;VILLA EL SALVADOR - LURIN - PACHACAMAC - PUCUSANA;LIMA SUR;I-3;PUCUSANA;SAN BARTOLO;LURIN Y BALNEARIOS;-76.7962243;-12.48301;SI
036;LIMA METROPOLITANA;040;DIRIS LIMA SUR;03;07;06085;C.S. BENJAMIN DOIG;C;VILLA EL SALVADOR - LURIN - PACHACAMAC - PUCUSANA;LIMA SUR;I-3;PUCUSANA;SAN BARTOLO;LURIN Y BALNEARIOS;-76.7507301;-12.4699143;SI
036;LIMA METROPOLITANA;040;DIRIS LIMA SUR;03;07;06086;P.S. PUNTA HERMOSA;P;VILLA EL SALVADOR - LURIN - PACHACAMAC - PUCUSANA;LIMA SUR;I-2;PUNTA HERMOSA;SAN BARTOLO;LURIN Y BALNEARIOS;-76.82609;-12.3379295;SI
036;LIMA METROPOLITANA;040;DIRIS LIMA SUR;03;07;06087;C.S. PUNTA NEGRA;C;VILLA EL SALVADOR - LURIN - PACHACAMAC - PUCUSANA;LIMA SUR;I-3;PUNTA NEGRA;SAN BARTOLO;LURIN Y BALNEARIOS;-76.796185;-12.365408;SI
036;LIMA METROPOLITANA;040;DIRIS LIMA SUR;03;07;06088;C.S. SAN BARTOLO;C;VILLA EL SALVADOR - LURIN - PACHACAMAC - PUCUSANA;LIMA SUR;I-3;SAN BARTOLO;SAN BARTOLO;LURIN Y BALNEARIOS;-76.7770243;-12.3873605;SI
036;LIMA METROPOLITANA;040;DIRIS LIMA SUR;03;07;06089;P.S. VILLA MERCEDES;P;VILLA EL SALVADOR - LURIN - PACHACAMAC - PUCUSANA;LIMA SUR;I-2;SANTA MARIA DEL MAR;SAN BARTOLO;LURIN Y BALNEARIOS;-76.773827;-12.392389;SI
036;LIMA METROPOLITANA;040;DIRIS LIMA SUR;03;06;06090;C.S. PACHACAMAC;C;VILLA EL SALVADOR - LURIN - PACHACAMAC - PUCUSANA;LIMA SUR;I-3;PACHACAMAC;PACHACAMAC;PACHACAMAC;-76.8581836;-12.2282504;SI
036;LIMA METROPOLITANA;040;DIRIS LIMA SUR;03;06;06091;P.S. MANCHAY ALTO;P;VILLA EL SALVADOR - LURIN - PACHACAMAC - PUCUSANA;LIMA SUR;I-2;PACHACAMAC;PACHACAMAC;PACHACAMAC;-76.8540268;-12.1590087;SI
036;LIMA METROPOLITANA;040;DIRIS LIMA SUR;03;08;06092;C.S. PORTADA DE MANCHAY;C;VILLA EL SALVADOR - LURIN - PACHACAMAC - PUCUSANA;LIMA SUR;I-3;PACHACAMAC;PORTADA DE MANCHAY;PACHACAMAC;-76.8818267;-12.088974;SI
036;LIMA METROPOLITANA;040;DIRIS LIMA SUR;03;06;06093;C.S. CLAS VILLA LIBERTAD;P;VILLA EL SALVADOR - LURIN - PACHACAMAC - PUCUSANA;LIMA SUR;I-3;PACHACAMAC;PACHACAMAC;LURIN Y BALNEARIOS;-76.874717;-12.2436799;SI
036;LIMA METROPOLITANA;040;DIRIS LIMA SUR;03;06;06094;P.S. PAMPA GRANDE;P;VILLA EL SALVADOR - LURIN - PACHACAMAC - PUCUSANA;LIMA SUR;I-2;PACHACAMAC;PACHACAMAC;PACHACAMAC;-76.870792;-12.239797;SI
036;LIMA METROPOLITANA;040;DIRIS LIMA SUR;03;06;06095;P.S. QUEBRADA VERDE;P;VILLA EL SALVADOR - LURIN - PACHACAMAC - PUCUSANA;LIMA SUR;I-2;PACHACAMAC;PACHACAMAC;PACHACAMAC;-76.8768251;-12.2103028;SI
036;LIMA METROPOLITANA;040;DIRIS LIMA SUR;03;06;06096;P.S. GUAYABO;P;VILLA EL SALVADOR - LURIN - PACHACAMAC - PUCUSANA;LIMA SUR;I-2;PACHACAMAC;PACHACAMAC;PACHACAMAC;-76.8730961;-12.1989006;SI
036;LIMA METROPOLITANA;040;DIRIS LIMA SUR;03;06;06097;P.S. PICAPIEDRA;P;VILLA EL SALVADOR - LURIN - PACHACAMAC - PUCUSANA;LIMA SUR;I-2;PACHACAMAC;PACHACAMAC;PACHACAMAC;-76.867652;-12.1874984;SI
036;LIMA METROPOLITANA;040;DIRIS LIMA SUR;03;06;06098;P.S. TAMBO INGA;P;VILLA EL SALVADOR - LURIN - PACHACAMAC - PUCUSANA;LIMA SUR;I-2;PACHACAMAC;PACHACAMAC;PACHACAMAC;-76.8405915;-12.1488363;SI
036;LIMA METROPOLITANA;040;DIRIS LIMA SUR;03;06;06099;P.S. CARDAL;P;VILLA EL SALVADOR - LURIN - PACHACAMAC - PUCUSANA;LIMA SUR;I-2;PACHACAMAC;PACHACAMAC;PACHACAMAC;-76.8510552;-12.1811992;NO
036;LIMA METROPOLITANA;036;NO TIENE ASIGNADO DIRIS;03;06;06100;MANZANO;P;VILLA EL SALVADOR - LURIN - PACHACAMAC - PUCUSANA;;;;;;;;
036;LIMA METROPOLITANA;040;DIRIS LIMA SUR;03;08;06101;P.S. COLLANAC;P;VILLA EL SALVADOR - LURIN - PACHACAMAC - PUCUSANA;LIMA SUR;I-2;PACHACAMAC;PORTADA DE MANCHAY;PACHACAMAC;-76.8701889;-12.1168591;SI
036;LIMA METROPOLITANA;040;DIRIS LIMA SUR;03;08;06102;P.S. HUERTOS DE MANCHAY;P;VILLA EL SALVADOR - LURIN - PACHACAMAC - PUCUSANA;LIMA SUR;I-2;PACHACAMAC;PORTADA DE MANCHAY;PACHACAMAC;-76.8701936;-12.1167928;SI
036;LIMA METROPOLITANA;040;DIRIS LIMA SUR;03;08;06103;P.S. PARQUES DE MANCHAY;P;VILLA EL SALVADOR - LURIN - PACHACAMAC - PUCUSANA;LIMA SUR;I-2;PACHACAMAC;PORTADA DE MANCHAY;PACHACAMAC;-76.8770521;-12.0849835;NO
036;LIMA METROPOLITANA;040;DIRIS LIMA SUR;02;03;06104;C.M.I. MANUEL BARRETO;C;SAN JUAN DE MIRAFLORES - VILLA MARIA DEL TRIUNFO;LIMA SUR;I-4;SAN JUAN DE MIRAFLORES;MANUEL BARRETO;SAN JUAN DE MIRAFLORES;-76.9684425;-12.1522561;SI
036;LIMA METROPOLITANA;040;DIRIS LIMA SUR;02;02;06105;C.S. LEONOR SAAVEDRA;C;SAN JUAN DE MIRAFLORES - VILLA MARIA DEL TRIUNFO;LIMA SUR;I-3;SAN JUAN DE MIRAFLORES;LEONOR SAAVEDRA - VILLA SAN LUIS;SAN JUAN DE MIRAFLORES;-76.9724131;-12.1535138;SI
036;LIMA METROPOLITANA;040;DIRIS LIMA SUR;02;02;06106;C.S. VILLA SAN LUIS;C;SAN JUAN DE MIRAFLORES - VILLA MARIA DEL TRIUNFO;LIMA SUR;I-3;SAN JUAN DE MIRAFLORES;LEONOR SAAVEDRA - VILLA SAN LUIS;SAN JUAN DE MIRAFLORES;-76.9708795;-12.1426786;SI
036;LIMA METROPOLITANA;040;DIRIS LIMA SUR;02;04;06107;C.M.I. OLLANTAY;C;SAN JUAN DE MIRAFLORES - VILLA MARIA DEL TRIUNFO;LIMA SUR;I-4;SAN JUAN DE MIRAFLORES;OLLANTAY;SAN JUAN DE MIRAFLORES;-76.9635479;-12.1358082;SI
036;LIMA METROPOLITANA;040;DIRIS LIMA SUR;02;03;06108;P.S. VIRGEN DEL BUEN PASO;P;SAN JUAN DE MIRAFLORES - VILLA MARIA DEL TRIUNFO;LIMA SUR;I-2;SAN JUAN DE MIRAFLORES;MANUEL BARRETO;SAN JUAN DE MIRAFLORES;-76.960214;-12.139437;SI
036;LIMA METROPOLITANA;040;DIRIS LIMA SUR;02;02;06109;C.S. JESUS PODEROSO;C;SAN JUAN DE MIRAFLORES - VILLA MARIA DEL TRIUNFO;LIMA SUR;I-3;SAN JUAN DE MIRAFLORES;LEONOR SAAVEDRA - VILLA SAN LUIS;SAN JUAN DE MIRAFLORES;-76.951192;-12.1305597;SI
036;LIMA METROPOLITANA;040;DIRIS LIMA SUR;02;03;06110;P.S. SAN FRANCISCO DE LA CRUZ;P;SAN JUAN DE MIRAFLORES - VILLA MARIA DEL TRIUNFO;LIMA SUR;I-2;SAN JUAN DE MIRAFLORES;MANUEL BARRETO;SAN JUAN DE MIRAFLORES;-76.9633651;-12.1516414;SI
036;LIMA METROPOLITANA;040;DIRIS LIMA SUR;02;04;06112;P.S. LA RINCONADA;P;SAN JUAN DE MIRAFLORES - VILLA MARIA DEL TRIUNFO;LIMA SUR;I-2;SAN JUAN DE MIRAFLORES;OLLANTAY;SAN JUAN DE MIRAFLORES;-76.9592706;-12.1265218;SI
036;LIMA METROPOLITANA;040;DIRIS LIMA SUR;02;02;06113;P.S. EL BRILLANTE;P;SAN JUAN DE MIRAFLORES - VILLA MARIA DEL TRIUNFO;LIMA SUR;I-2;SAN JUAN DE MIRAFLORES;LEONOR SAAVEDRA - VILLA SAN LUIS;SAN JUAN DE MIRAFLORES;-76.9691391;-12.1480219;SI
036;LIMA METROPOLITANA;040;DIRIS LIMA SUR;02;01;06115;C.S. SAN JUAN DE MIRAFLORES;C;SAN JUAN DE MIRAFLORES - VILLA MARIA DEL TRIUNFO;LIMA SUR;I-3;SAN JUAN DE MIRAFLORES;TREBOL AZUL - SAN JUAN;SAN JUAN DE MIRAFLORES;-76.9751522;-12.1574558;SI
036;LIMA METROPOLITANA;040;DIRIS LIMA SUR;02;01;06116;P.S. VALLE SHARON;P;SAN JUAN DE MIRAFLORES - VILLA MARIA DEL TRIUNFO;LIMA SUR;I-2;SAN JUAN DE MIRAFLORES;TREBOL AZUL - SAN JUAN;SAN JUAN DE MIRAFLORES;-76.9660961;-12.1710773;SI
036;LIMA METROPOLITANA;040;DIRIS LIMA SUR;02;01;06117;P.S. PAMPAS DE SAN JUAN;P;SAN JUAN DE MIRAFLORES - VILLA MARIA DEL TRIUNFO;LIMA SUR;I-2;SAN JUAN DE MIRAFLORES;TREBOL AZUL - SAN JUAN;SAN JUAN DE MIRAFLORES;-76.967681;-12.166744;SI
036;LIMA METROPOLITANA;040;DIRIS LIMA SUR;02;01;06118;P.S. VILLA SOLIDARIDAD;P;SAN JUAN DE MIRAFLORES - VILLA MARIA DEL TRIUNFO;LIMA SUR;I-2;SAN JUAN DE MIRAFLORES;TREBOL AZUL - SAN JUAN;SAN JUAN DE MIRAFLORES;-76.9606937;-12.1705961;SI
036;LIMA METROPOLITANA;040;DIRIS LIMA SUR;02;01;06119;P.S. RICARDO PALMA;P;SAN JUAN DE MIRAFLORES - VILLA MARIA DEL TRIUNFO;LIMA SUR;I-2;SAN JUAN DE MIRAFLORES;TREBOL AZUL - SAN JUAN;SAN JUAN DE MIRAFLORES;-76.961124;-12.1843422;SI
036;LIMA METROPOLITANA;040;DIRIS LIMA SUR;02;01;06120;P.S. PARAISO;P;SAN JUAN DE MIRAFLORES - VILLA MARIA DEL TRIUNFO;LIMA SUR;I-2;SAN JUAN DE MIRAFLORES;TREBOL AZUL - SAN JUAN;SAN JUAN DE MIRAFLORES;-76.9574804;-12.1838934;SI
036;LIMA METROPOLITANA;040;DIRIS LIMA SUR;02;01;06121;P.S. SANTA URSULA;P;SAN JUAN DE MIRAFLORES - VILLA MARIA DEL TRIUNFO;LIMA SUR;I-2;SAN JUAN DE MIRAFLORES;TREBOL AZUL - SAN JUAN;SAN JUAN DE MIRAFLORES;-76.9638798;-12.1809882;SI
036;LIMA METROPOLITANA;040;DIRIS LIMA SUR;02;01;06122;C.S. TREBOL AZUL;C;SAN JUAN DE MIRAFLORES - VILLA MARIA DEL TRIUNFO;LIMA SUR;I-3;SAN JUAN DE MIRAFLORES;TREBOL AZUL - SAN JUAN;SAN JUAN DE MIRAFLORES;-76.9659123;-12.1775527;SI
036;LIMA METROPOLITANA;040;DIRIS LIMA SUR;02;01;06123;P.S. HEROES DEL PACIFICO;P;SAN JUAN DE MIRAFLORES - VILLA MARIA DEL TRIUNFO;LIMA SUR;I-2;SAN JUAN DE MIRAFLORES;TREBOL AZUL - SAN JUAN;SAN JUAN DE MIRAFLORES;-76.9572858;-12.1729488;SI
036;LIMA METROPOLITANA;040;DIRIS LIMA SUR;03;03;06124;C.M.I. CESAR LOPEZ SILVA;C;VILLA EL SALVADOR - LURIN - PACHACAMAC - PUCUSANA;LIMA SUR;I-4;VILLA EL SALVADOR;CESAR LOPEZ SILVA;VILLA EL SALVADOR;-76.923745;-12.2301776;SI
036;LIMA METROPOLITANA;040;DIRIS LIMA SUR;03;04;06125;C.S. SAN MARTIN DE PORRES;C;VILLA EL SALVADOR - LURIN - PACHACAMAC - PUCUSANA;LIMA SUR;I-3;VILLA EL SALVADOR;SAN MARTIN DE PORRES;VILLA EL SALVADOR;-76.9391561;-12.2120117;SI
036;LIMA METROPOLITANA;040;DIRIS LIMA SUR;03;03;06126;P.S. PRINCIPE DE ASTURIAS;P;VILLA EL SALVADOR - LURIN - PACHACAMAC - PUCUSANA;LIMA SUR;I-2;VILLA EL SALVADOR;CESAR LOPEZ SILVA;VILLA EL SALVADOR;-76.9112117;-12.2303369;SI
036;LIMA METROPOLITANA;040;DIRIS LIMA SUR;03;03;06127;P.S. PACHACAMAC;P;VILLA EL SALVADOR - LURIN - PACHACAMAC - PUCUSANA;LIMA SUR;I-2;VILLA EL SALVADOR;CESAR LOPEZ SILVA;VILLA EL SALVADOR;-76.9215566;-12.2241138;SI
036;LIMA METROPOLITANA;040;DIRIS LIMA SUR;03;03;06128;P.S. EDILBERTO RAMOS;P;VILLA EL SALVADOR - LURIN - PACHACAMAC - PUCUSANA;LIMA SUR;I-2;VILLA EL SALVADOR;CESAR LOPEZ SILVA;VILLA EL SALVADOR;-76.9351638;-12.209316;SI
036;LIMA METROPOLITANA;040;DIRIS LIMA SUR;03;03;06129;P.S. BRISAS DE PACHACAMAC;P;VILLA EL SALVADOR - LURIN - PACHACAMAC - PUCUSANA;LIMA SUR;I-2;VILLA EL SALVADOR;CESAR LOPEZ SILVA;VILLA EL SALVADOR;-76.9480428;-12.2013856;SI
036;LIMA METROPOLITANA;040;DIRIS LIMA SUR;03;04;06130;P.S. VIRGEN DE LA ASUNCION;P;VILLA EL SALVADOR - LURIN - PACHACAMAC - PUCUSANA;LIMA SUR;I-2;VILLA EL SALVADOR;SAN MARTIN DE PORRES;VILLA EL SALVADOR;-76.9292778;-12.2174846;SI
036;LIMA METROPOLITANA;040;DIRIS LIMA SUR;03;04;06131;P.S. SAGRADA FAMILIA;P;VILLA EL SALVADOR - LURIN - PACHACAMAC - PUCUSANA;LIMA SUR;I-2;VILLA EL SALVADOR;SAN MARTIN DE PORRES;VILLA EL SALVADOR;-76.9437139;-12.2091999;SI
036;LIMA METROPOLITANA;040;DIRIS LIMA SUR;03;01;06132;C.M.I. SAN JOSE;C;VILLA EL SALVADOR - LURIN - PACHACAMAC - PUCUSANA;LIMA SUR;I-4;VILLA EL SALVADOR;SAN JOSE;VILLA EL SALVADOR;-76.9463104;-12.1982974;SI
036;LIMA METROPOLITANA;040;DIRIS LIMA SUR;03;02;06133;C.M.I. JUAN PABLO II;C;VILLA EL SALVADOR - LURIN - PACHACAMAC - PUCUSANA;LIMA SUR;I-4;VILLA EL SALVADOR;JUAN PABLO II;VILLA EL SALVADOR;-76.9452898;-12.2191614;SI
036;LIMA METROPOLITANA;040;DIRIS LIMA SUR;03;01;06134;P.S. SEÑOR DE LOS MILAGROS;P;VILLA EL SALVADOR - LURIN - PACHACAMAC - PUCUSANA;LIMA SUR;I-2;VILLA EL SALVADOR;SAN JOSE;VILLA EL SALVADOR;-76.951638;-12.202803;SI
036;LIMA METROPOLITANA;040;DIRIS LIMA SUR;03;01;06135;P.S. LLANAVILLA;P;VILLA EL SALVADOR - LURIN - PACHACAMAC - PUCUSANA;LIMA SUR;I-2;VILLA EL SALVADOR;SAN JOSE;VILLA EL SALVADOR;-76.9418801;-12.191279;SI
036;LIMA METROPOLITANA;040;DIRIS LIMA SUR;03;02;06136;P.S. FERNANDO LUYO SIERRA;P;VILLA EL SALVADOR - LURIN - PACHACAMAC - PUCUSANA;LIMA SUR;I-2;VILLA EL SALVADOR;JUAN PABLO II;VILLA EL SALVADOR;-76.9425767;-12.2289028;SI
036;LIMA METROPOLITANA;040;DIRIS LIMA SUR;03;02;06137;P.S. CRISTO SALVADOR;P;VILLA EL SALVADOR - LURIN - PACHACAMAC - PUCUSANA;LIMA SUR;I-2;VILLA EL SALVADOR;JUAN PABLO II;VILLA EL SALVADOR;-76.9194511;-12.2289642;SI
036;LIMA METROPOLITANA;040;DIRIS LIMA SUR;03;02;06138;P.S. SARITA COLONIA;P;VILLA EL SALVADOR - LURIN - PACHACAMAC - PUCUSANA;LIMA SUR;I-2;VILLA EL SALVADOR;JUAN PABLO II;VILLA EL SALVADOR;-76.9444683;-12.2132707;SI
036;LIMA METROPOLITANA;040;DIRIS LIMA SUR;03;02;06139;P.S. OASIS DE VILLA;P;VILLA EL SALVADOR - LURIN - PACHACAMAC - PUCUSANA;LIMA SUR;I-2;VILLA EL SALVADOR;JUAN PABLO II;VILLA EL SALVADOR;-76.9346408;-12.2107913;SI
036;LIMA METROPOLITANA;040;DIRIS LIMA SUR;02;06;06140;C.S. NUEVA ESPERANZA;C;SAN JUAN DE MIRAFLORES - VILLA MARIA DEL TRIUNFO;LIMA SUR;I-3;VILLA MARIA DEL TRIUNFO;JOSE GALVEZ - NUEVA ESPERANZA;VILLA MARIA DEL TRIUNFO;-76.9338322;-12.1733468;SI
036;LIMA METROPOLITANA;040;DIRIS LIMA SUR;02;06;06141;C.M.I. JOSE GALVEZ;C;SAN JUAN DE MIRAFLORES - VILLA MARIA DEL TRIUNFO;LIMA SUR;I-4;VILLA MARIA DEL TRIUNFO;JOSE GALVEZ - NUEVA ESPERANZA;VILLA MARIA DEL TRIUNFO;-76.9072151;-12.2105625;SI
036;LIMA METROPOLITANA;040;DIRIS LIMA SUR;02;06;06142;C.S. VIRGEN DE LOURDES;P;SAN JUAN DE MIRAFLORES - VILLA MARIA DEL TRIUNFO;LIMA SUR;I-3;VILLA MARIA DEL TRIUNFO;JOSE GALVEZ - NUEVA ESPERANZA;VILLA MARIA DEL TRIUNFO;-76.9189534;-12.1672291;SI
036;LIMA METROPOLITANA;040;DIRIS LIMA SUR;02;06;06143;P.S. NUEVA ESPERANZA ALTA;P;SAN JUAN DE MIRAFLORES - VILLA MARIA DEL TRIUNFO;LIMA SUR;I-2;VILLA MARIA DEL TRIUNFO;JOSE GALVEZ - NUEVA ESPERANZA;VILLA MARIA DEL TRIUNFO;-76.9365452;-12.1792745;SI
036;LIMA METROPOLITANA;040;DIRIS LIMA SUR;02;06;06144;P.S. CESAR VALLEJO;P;SAN JUAN DE MIRAFLORES - VILLA MARIA DEL TRIUNFO;LIMA SUR;I-2;VILLA MARIA DEL TRIUNFO;JOSE GALVEZ - NUEVA ESPERANZA;VILLA MARIA DEL TRIUNFO;-76.9371509;-12.1873045;SI
036;LIMA METROPOLITANA;040;DIRIS LIMA SUR;02;06;06145;P.S. NUEVO PROGRESO;P;SAN JUAN DE MIRAFLORES - VILLA MARIA DEL TRIUNFO;LIMA SUR;I-2;VILLA MARIA DEL TRIUNFO;JOSE GALVEZ - NUEVA ESPERANZA;VILLA MARIA DEL TRIUNFO;-76.92037;-12.2210199;SI
036;LIMA METROPOLITANA;040;DIRIS LIMA SUR;02;06;06146;P.S. MODULO I;P;SAN JUAN DE MIRAFLORES - VILLA MARIA DEL TRIUNFO;LIMA SUR;I-2;VILLA MARIA DEL TRIUNFO;JOSE GALVEZ - NUEVA ESPERANZA;VILLA MARIA DEL TRIUNFO;-76.9111104;-12.2245692;SI
036;LIMA METROPOLITANA;036;NO TIENE ASIGNADO DIRIS;02;06;06147;MODULO II;P;SAN JUAN DE MIRAFLORES - VILLA MARIA DEL TRIUNFO;;;;;;;;
036;LIMA METROPOLITANA;036;NO TIENE ASIGNADO DIRIS;02;06;06148;MODULO AID;P;SAN JUAN DE MIRAFLORES - VILLA MARIA DEL TRIUNFO;;;;;;;;
036;LIMA METROPOLITANA;040;DIRIS LIMA SUR;02;07;06149;P.S. DAVID GUERRERO DUARTE;P;SAN JUAN DE MIRAFLORES - VILLA MARIA DEL TRIUNFO;LIMA SUR;I-2;VILLA MARIA DEL TRIUNFO;DANIEL ALCIDES CARRION - TABLADA DE LURIN;VILLA MARIA DEL TRIUNFO;-76.9246642;-12.1843658;SI
036;LIMA METROPOLITANA;040;DIRIS LIMA SUR;02;07;06150;P.S. SANTA ROSA LAS CONCHITAS;P;SAN JUAN DE MIRAFLORES - VILLA MARIA DEL TRIUNFO;LIMA SUR;I-2;VILLA MARIA DEL TRIUNFO;DANIEL ALCIDES CARRION - TABLADA DE LURIN;VILLA MARIA DEL TRIUNFO;-76.9256064;-12.2062001;SI
036;LIMA METROPOLITANA;040;DIRIS LIMA SUR;02;05;06151;C.M.I. VILLA MARIA DEL TRIUNFO;C;SAN JUAN DE MIRAFLORES - VILLA MARIA DEL TRIUNFO;LIMA SUR;I-4;VILLA MARIA DEL TRIUNFO;VILLA MARIA - JOSE CARLOS MARIATEGUI;VILLA MARIA DEL TRIUNFO;-76.9365017;-12.1569104;SI
036;LIMA METROPOLITANA;040;DIRIS LIMA SUR;02;05;06152;C.M.I. JOSE CARLOS MARIATEGUI;C;SAN JUAN DE MIRAFLORES - VILLA MARIA DEL TRIUNFO;LIMA SUR;I-4;VILLA MARIA DEL TRIUNFO;VILLA MARIA - JOSE CARLOS MARIATEGUI;VILLA MARIA DEL TRIUNFO;-76.950802;-12.147521;SI
036;LIMA METROPOLITANA;040;DIRIS LIMA SUR;02;07;06153;C.M.I. DANIEL ALCIDES CARRION;C;SAN JUAN DE MIRAFLORES - VILLA MARIA DEL TRIUNFO;LIMA SUR;I-4;VILLA MARIA DEL TRIUNFO;DANIEL ALCIDES CARRION - TABLADA DE LURIN;VILLA MARIA DEL TRIUNFO;-76.94539;-12.1776988;SI
036;LIMA METROPOLITANA;040;DIRIS LIMA SUR;02;05;06154;P.S. SANTA ROSA DE BELEN;P;SAN JUAN DE MIRAFLORES - VILLA MARIA DEL TRIUNFO;LIMA SUR;I-2;VILLA MARIA DEL TRIUNFO;VILLA MARIA - JOSE CARLOS MARIATEGUI;VILLA MARIA DEL TRIUNFO;-76.9503419;-12.1579964;SI
036;LIMA METROPOLITANA;040;DIRIS LIMA SUR;02;05;06155;C.S.M.C. SAN GABRIEL ALTO;C;SAN JUAN DE MIRAFLORES - VILLA MARIA DEL TRIUNFO;LIMA SUR;I-3;VILLA MARIA DEL TRIUNFO;VILLA MARIA - JOSE CARLOS MARIATEGUI;VILLA MARIA DEL TRIUNFO;-76.9482472;-12.1366584;SI
036;LIMA METROPOLITANA;040;DIRIS LIMA SUR;02;05;06156;P.S. VALLE BAJO;P;SAN JUAN DE MIRAFLORES - VILLA MARIA DEL TRIUNFO;LIMA SUR;I-2;VILLA MARIA DEL TRIUNFO;VILLA MARIA - JOSE CARLOS MARIATEGUI;VILLA MARIA DEL TRIUNFO;-76.9428825;-12.1496926;SI
036;LIMA METROPOLITANA;040;DIRIS LIMA SUR;02;05;06157;P.S. BUENOS AIRES;P;SAN JUAN DE MIRAFLORES - VILLA MARIA DEL TRIUNFO;LIMA SUR;I-2;VILLA MARIA DEL TRIUNFO;VILLA MARIA - JOSE CARLOS MARIATEGUI;VILLA MARIA DEL TRIUNFO;-76.9550396;-12.1477625;SI
036;LIMA METROPOLITANA;040;DIRIS LIMA SUR;02;05;06158;P.S. VILLA LIMATAMBO;P;SAN JUAN DE MIRAFLORES - VILLA MARIA DEL TRIUNFO;LIMA SUR;I-2;VILLA MARIA DEL TRIUNFO;VILLA MARIA - JOSE CARLOS MARIATEGUI;VILLA MARIA DEL TRIUNFO;-76.9421011;-12.1345619;SI
036;LIMA METROPOLITANA;040;DIRIS LIMA SUR;02;05;06159;P.S. VALLE ALTO;P;SAN JUAN DE MIRAFLORES - VILLA MARIA DEL TRIUNFO;LIMA SUR;I-2;VILLA MARIA DEL TRIUNFO;VILLA MARIA - JOSE CARLOS MARIATEGUI;VILLA MARIA DEL TRIUNFO;-76.9386401;-12.1418012;SI
036;LIMA METROPOLITANA;040;DIRIS LIMA SUR;02;07;06160;P.S. MICAELA BASTIDAS;P;SAN JUAN DE MIRAFLORES - VILLA MARIA DEL TRIUNFO;LIMA SUR;I-2;VILLA MARIA DEL TRIUNFO;DANIEL ALCIDES CARRION - TABLADA DE LURIN;VILLA MARIA DEL TRIUNFO;-76.950034;-12.1726057;SI
036;LIMA METROPOLITANA;040;DIRIS LIMA SUR;02;07;06161;P.S. TORRES DE MELGAR;P;SAN JUAN DE MIRAFLORES - VILLA MARIA DEL TRIUNFO;LIMA SUR;I-2;VILLA MARIA DEL TRIUNFO;DANIEL ALCIDES CARRION - TABLADA DE LURIN;VILLA MARIA DEL TRIUNFO;-76.951232;-12.178746;SI
036;LIMA METROPOLITANA;040;DIRIS LIMA SUR;01;01;06162;C.E. SAN PEDRO DE LOS CHORRILLOS;C;BARRANCO - CHORRILLOS - SURCO;LIMA SUR;I-4;CHORRILLOS;URBANA;BARRANCO CHORRILLOS SURCO;-77.0235903;-12.166438;SI
036;LIMA METROPOLITANA;040;DIRIS LIMA SUR;02;04;06163;P.S. LEONCIO PRADO;P;SAN JUAN DE MIRAFLORES - VILLA MARIA DEL TRIUNFO;LIMA SUR;I-2;SAN JUAN DE MIRAFLORES;OLLANTAY;SAN JUAN DE MIRAFLORES;-76.961406;-12.136654;SI
036;LIMA METROPOLITANA;040;DIRIS LIMA SUR;02;07;06164;C.M.I. TABLADA DE LURIN;C;SAN JUAN DE MIRAFLORES - VILLA MARIA DEL TRIUNFO;LIMA SUR;I-4;VILLA MARIA DEL TRIUNFO;DANIEL ALCIDES CARRION - TABLADA DE LURIN;VILLA MARIA DEL TRIUNFO;-76.9274519;-12.1910331;SI
036;LIMA METROPOLITANA;037;DIRIS LIMA CENTRO;21;03;06170;MAX ARIAS SCHREIBER;C;LIMA CIUDAD;LIMA CENTRO;;;;;;;
036;LIMA METROPOLITANA;037;DIRIS LIMA CENTRO;21;01;06171;JUAN PEREZ CARRANZA;C;LIMA CIUDAD;LIMA CENTRO;;;;;;;
036;LIMA METROPOLITANA;037;DIRIS LIMA CENTRO;21;01;06172;JARDIN ROSA DE SANTA MARIA;P;LIMA CIUDAD;LIMA CENTRO;;;;;;;
036;LIMA METROPOLITANA;037;DIRIS LIMA CENTRO;21;03;06173;EL PINO;C;LIMA CIUDAD;LIMA CENTRO;;;;;;;
036;LIMA METROPOLITANA;037;DIRIS LIMA CENTRO;21;03;06174;CLAS CERRO EL PINO;P;LIMA CIUDAD;LIMA CENTRO;;;;;;;
036;LIMA METROPOLITANA;037;DIRIS LIMA CENTRO;21;03;06175;EL PORVENIR;C;LIMA CIUDAD;LIMA CENTRO;;;;;;;
036;LIMA METROPOLITANA;037;DIRIS LIMA CENTRO;21;03;06176;SAN COSME;C;LIMA CIUDAD;LIMA CENTRO;;;;;;;
036;LIMA METROPOLITANA;037;DIRIS LIMA CENTRO;21;03;06177;SAN LUIS;C;LIMA CIUDAD;LIMA CENTRO;;;;;;;
036;LIMA METROPOLITANA;037;DIRIS LIMA CENTRO;21;04;06178;CENTRO DE SALUD SURQUILLO;C;LIMA CIUDAD;LIMA CENTRO;;;;;;;
036;LIMA METROPOLITANA;037;DIRIS LIMA CENTRO;21;04;06179;CENTRO DE SALUD SAN ATANACIO DE PEDREGAL;C;LIMA CIUDAD;LIMA CENTRO;;;;;;;
036;LIMA METROPOLITANA;037;DIRIS LIMA CENTRO;21;04;06180;VILLA VICTORIA PORVENIR;C;LIMA CIUDAD;LIMA CENTRO;;;;;;;
036;LIMA METROPOLITANA;037;DIRIS LIMA CENTRO;21;04;06181;SAN JUAN MASIAS;P;LIMA CIUDAD;LIMA CENTRO;;;;;;;
036;LIMA METROPOLITANA;036;NO TIENE ASIGNADO DIRIS;21;04;06182;TODOS LOS SANTOS SAN BORJA;P;LIMA CIUDAD;;;;;;;;
036;LIMA METROPOLITANA;037;DIRIS LIMA CENTRO;21;04;06183;CENTRO DE SALUD TODOS LOS SANTOS SAN BORJA;C;LIMA CIUDAD;LIMA CENTRO;;;;;;;
036;LIMA METROPOLITANA;037;DIRIS LIMA CENTRO;21;01;06184;BREÐA;C;LIMA CIUDAD;LIMA CENTRO;;;;;;;
036;LIMA METROPOLITANA;037;DIRIS LIMA CENTRO;21;01;06185;CHACRA COLORADA;C;LIMA CIUDAD;LIMA CENTRO;;;;;;;
036;LIMA METROPOLITANA;037;DIRIS LIMA CENTRO;21;01;06186;CONDE DE LA VEGA BAJA;C;LIMA CIUDAD;LIMA CENTRO;;;;;;;
036;LIMA METROPOLITANA;037;DIRIS LIMA CENTRO;21;01;06187;CENTRO DE SALUD MIRONES BAJO;C;LIMA CIUDAD;LIMA CENTRO;;;;;;;
036;LIMA METROPOLITANA;037;DIRIS LIMA CENTRO;21;01;06188;PUESTO DE SALUD RESCATE;P;LIMA CIUDAD;LIMA CENTRO;;;;;;;
036;LIMA METROPOLITANA;037;DIRIS LIMA CENTRO;21;01;06189;PALERMO;P;LIMA CIUDAD;LIMA CENTRO;;;;;;;
036;LIMA METROPOLITANA;037;DIRIS LIMA CENTRO;21;01;06190;SANTA ROSA;P;LIMA CIUDAD;LIMA CENTRO;;;;;;;
036;LIMA METROPOLITANA;037;DIRIS LIMA CENTRO;21;01;06191;SAN SEBASTIAN;C;LIMA CIUDAD;LIMA CENTRO;;;;;;;
036;LIMA METROPOLITANA;037;DIRIS LIMA CENTRO;21;01;06192;MIRONES;C;LIMA CIUDAD;LIMA CENTRO;;;;;;;
036;LIMA METROPOLITANA;037;DIRIS LIMA CENTRO;21;01;06193;UNIDAD VECINAL N║ 3;C;LIMA CIUDAD;LIMA CENTRO;;;;;;;
036;LIMA METROPOLITANA;037;DIRIS LIMA CENTRO;21;01;06194;CENTRO DE SALUD VILLA MARIA PERPETUO SOCORRO;C;LIMA CIUDAD;LIMA CENTRO;;;;;;;
036;LIMA METROPOLITANA;037;DIRIS LIMA CENTRO;21;03;06195;LINCE;C;LIMA CIUDAD;LIMA CENTRO;;;;;;;
036;LIMA METROPOLITANA;037;DIRIS LIMA CENTRO;21;02;06196;MAGDALENA;C;LIMA CIUDAD;LIMA CENTRO;;;;;;;
036;LIMA METROPOLITANA;037;DIRIS LIMA CENTRO;21;04;06197;SAN ISIDRO;C;LIMA CIUDAD;LIMA CENTRO;;;;;;;
036;LIMA METROPOLITANA;037;DIRIS LIMA CENTRO;21;02;06198;SAN MIGUEL;C;LIMA CIUDAD;LIMA CENTRO;;;;;;;
036;LIMA METROPOLITANA;037;DIRIS LIMA CENTRO;21;02;06199;HUACA PANDO;P;LIMA CIUDAD;LIMA CENTRO;;;;;;;
036;LIMA METROPOLITANA;037;DIRIS LIMA CENTRO;21;04;06200;CENTRO DE SALUD SANTA CRUZ DE MIRAFLORES;C;LIMA CIUDAD;LIMA CENTRO;;;;;;;
036;LIMA METROPOLITANA;037;DIRIS LIMA CENTRO;21;02;06201;JESUS MARIA;C;LIMA CIUDAD;LIMA CENTRO;;;;;;;
036;LIMA METROPOLITANA;037;DIRIS LIMA CENTRO;21;01;06202;CENTRO REF. ESP. ANTIRRABICO - ESPECIALIZADO EN ZOONOSIS;C;LIMA CIUDAD;LIMA CENTRO;;;;;;;
036;LIMA METROPOLITANA;037;DIRIS LIMA CENTRO;21;01;06203;CENTRO ESPECIALIZADO DE REFERENCIA DE ITSS Y VIH/SIDA RAUL PATRUCCO PUIG;C;LIMA CIUDAD;LIMA CENTRO;;;;;;;
036;LIMA METROPOLITANA;036;NO TIENE ASIGNADO DIRIS;00;00;06204;LABORATORIO DE REFERENCIA;O;NO PERTENECE A NINGUNA RED;;;;;;;;
036;LIMA METROPOLITANA;036;NO TIENE ASIGNADO DIRIS;00;00;06205;CENTRO S. ESPECIALIZ. VACUNACION INTERNACION;O;NO PERTENECE A NINGUNA RED;;;;;;;;
036;LIMA METROPOLITANA;037;DIRIS LIMA CENTRO;00;00;06206;NACIONAL  DOS DE MAYO;H;NO PERTENECE A NINGUNA RED;LIMA CENTRO;;;;;;;
036;LIMA METROPOLITANA;037;DIRIS LIMA CENTRO;00;00;06207;NACIONAL ARZOBISPO LOAYZA;H;NO PERTENECE A NINGUNA RED;LIMA CENTRO;;;;;;;
036;LIMA METROPOLITANA;036;NO TIENE ASIGNADO DIRIS;00;00;06208;INSTITUTO NACIONAL MATERNO PERINATAL;I;NO PERTENECE A NINGUNA RED;;;;;;;;
036;LIMA METROPOLITANA;036;NO TIENE ASIGNADO DIRIS;00;00;06209;INSTITUTO NACIONAL DE CIENCIAS NEUROLOGICAS;I;NO PERTENECE A NINGUNA RED;;;;;;;;
036;LIMA METROPOLITANA;036;NO TIENE ASIGNADO DIRIS;00;00;06210;INSTITUTO NACIONAL DE ENFERMEDADES NEOPLASICAS;I;NO PERTENECE A NINGUNA RED;;;;;;;;
036;LIMA METROPOLITANA;037;DIRIS LIMA CENTRO;00;00;06211;HOSPITAL DE APOYO SANTA ROSA;H;NO PERTENECE A NINGUNA RED;LIMA CENTRO;;;;;;;
036;LIMA METROPOLITANA;037;DIRIS LIMA CENTRO;00;00;06212;HOSPITAL DE EMERGENCIAS PEDIATRICAS;H;NO PERTENECE A NINGUNA RED;LIMA CENTRO;;;;;;;
036;LIMA METROPOLITANA;037;DIRIS LIMA CENTRO;00;00;06213;HOSPITAL DE EMERGENCIAS JOSE CASIMIRO ULLOA;H;NO PERTENECE A NINGUNA RED;LIMA CENTRO;;;;;;;
036;LIMA METROPOLITANA;037;DIRIS LIMA CENTRO;00;00;06214;HOSPITAL VICTOR LARCO HERRERA;H;NO PERTENECE A NINGUNA RED;LIMA CENTRO;;;;;;;
036;LIMA METROPOLITANA;037;DIRIS LIMA CENTRO;00;00;06215;HOSPITAL NACIONAL DOCENTE MADRE NIÐO SAN BARTOLOME;H;NO PERTENECE A NINGUNA RED;LIMA CENTRO;;;;;;;
036;LIMA METROPOLITANA;036;NO TIENE ASIGNADO DIRIS;00;00;06216;INSTITUTO NACIONAL DE SALUD DEL NIÐO;I;NO PERTENECE A NINGUNA RED;;;;;;;;
036;LIMA METROPOLITANA;036;NO TIENE ASIGNADO DIRIS;00;00;06217;NACIONAL DE OFTALMOLOGIA;I;NO PERTENECE A NINGUNA RED;;;;;;;;
036;LIMA METROPOLITANA;038;DIRIS LIMA ESTE;01;06;06616;VIÐA ALTA;C;LIMA ESTE METROPOLITANA;LIMA ESTE;;;;;;;
036;LIMA METROPOLITANA;036;NO TIENE ASIGNADO DIRIS;21;01;06619;RAMON CARCAMO;P;LIMA CIUDAD;;;;;;;;
036;LIMA METROPOLITANA;036;NO TIENE ASIGNADO DIRIS;21;01;06620;1ERO DE MAYO;P;LIMA CIUDAD;;;;;;;;
036;LIMA METROPOLITANA;036;NO TIENE ASIGNADO DIRIS;21;02;06684;MENTAL HONORIO DELGADO           **;P;LIMA CIUDAD;;;;;;;;
036;LIMA METROPOLITANA;038;DIRIS LIMA ESTE;01;09;06735;CASA HUERTA LA CAMPIÐA;P;LIMA ESTE METROPOLITANA;LIMA ESTE;;;;;;;
036;LIMA METROPOLITANA;038;DIRIS LIMA ESTE;01;02;06750;SANTA ANITA;C;LIMA ESTE METROPOLITANA;LIMA ESTE;;;;;;;
036;LIMA METROPOLITANA;036;NO TIENE ASIGNADO DIRIS;03;01;06791;NIÐO JESUS;P;VILLA EL SALVADOR - LURIN - PACHACAMAC - PUCUSANA;;;;;;;;
036;LIMA METROPOLITANA;038;DIRIS LIMA ESTE;01;04;06849;TUPAC AMARU;P;LIMA ESTE METROPOLITANA;LIMA ESTE;;;;;;;
036;LIMA METROPOLITANA;040;DIRIS LIMA SUR;02;04;06872;P.S. JOSE MARIA ARGUEDAS;P;SAN JUAN DE MIRAFLORES - VILLA MARIA DEL TRIUNFO;LIMA SUR;I-2;SAN JUAN DE MIRAFLORES;OLLANTAY;SAN JUAN DE MIRAFLORES;-76.9556678;-12.1327613;SI
036;LIMA METROPOLITANA;039;DIRIS LIMA NORTE;24;02;06886;SANTIAGO APOSTOL;C;TUPAC AMARU;LIMA NORTE;;;;;;;
036;LIMA METROPOLITANA;040;DIRIS LIMA SUR;01;03;06952;P.S. LAS DUNAS;P;BARRANCO - CHORRILLOS - SURCO;LIMA SUR;I-2;SANTIAGO DE SURCO;SURCO;BARRANCO CHORRILLOS SURCO;-76.984405;-12.1665881;SI
036;LIMA METROPOLITANA;037;DIRIS LIMA CENTRO;02;04;06999;SAGRADA FAMILIA;P;SAN JUAN DE LURIGANCHO;LIMA CENTRO;;;;;;;
036;LIMA METROPOLITANA;037;DIRIS LIMA CENTRO;02;05;07046;CESAR VALLEJO;P;SAN JUAN DE LURIGANCHO;LIMA CENTRO;;;;;;;
036;LIMA METROPOLITANA;039;DIRIS LIMA NORTE;26;01;07138;SAN BENITO;P;RED DE SALUD LIMA NORTE IV;LIMA NORTE;;;;;;;
036;LIMA METROPOLITANA;038;DIRIS LIMA ESTE;01;03;07149;LA FRATERNIDAD;P;LIMA ESTE METROPOLITANA;LIMA ESTE;;;;;;;
036;LIMA METROPOLITANA;040;DIRIS LIMA SUR;03;03;07278;C.S. HEROES DEL CENEPA;C;VILLA EL SALVADOR - LURIN - PACHACAMAC - PUCUSANA;LIMA SUR;I-3;VILLA EL SALVADOR;CESAR LOPEZ SILVA;VILLA EL SALVADOR;-76.9306076;-12.2486993;SI
036;LIMA METROPOLITANA;037;DIRIS LIMA CENTRO;02;05;07357;MARISCAL CACERES;P;SAN JUAN DE LURIGANCHO;LIMA CENTRO;;;;;;;
036;LIMA METROPOLITANA;040;DIRIS LIMA SUR;02;01;07434;P.S. LADERAS DE VILLA;P;SAN JUAN DE MIRAFLORES - VILLA MARIA DEL TRIUNFO;LIMA SUR;I-2;SAN JUAN DE MIRAFLORES;TREBOL AZUL - SAN JUAN;SAN JUAN DE MIRAFLORES;-76.9574698;-12.189694;SI
036;LIMA METROPOLITANA;039;DIRIS LIMA NORTE;00;00;07632;HOSPITAL CARLOS LANFRANCO LA HOZ;H;NO PERTENECE A NINGUNA RED;LIMA NORTE;;;;;;;
036;LIMA METROPOLITANA;039;DIRIS LIMA NORTE;00;00;07633;HOSPITAL NACIONAL CAYETANO HEREDIA;H;NO PERTENECE A NINGUNA RED;LIMA NORTE;;;;;;;
036;LIMA METROPOLITANA;039;DIRIS LIMA NORTE;00;00;07634;NACIONAL SERGIO E. BERNALES;H;NO PERTENECE A NINGUNA RED;LIMA NORTE;;;;;;;
036;LIMA METROPOLITANA;040;DIRIS LIMA SUR;02;04;07645;P.S. 5 DE MAYO;P;SAN JUAN DE MIRAFLORES - VILLA MARIA DEL TRIUNFO;LIMA SUR;I-2;SAN JUAN DE MIRAFLORES;OLLANTAY;SAN JUAN DE MIRAFLORES;-76.9625893;-12.132473;SI
036;LIMA METROPOLITANA;039;DIRIS LIMA NORTE;24;02;07684;EL ALAMO;C;TUPAC AMARU;LIMA NORTE;;;;;;;
036;LIMA METROPOLITANA;040;DIRIS LIMA SUR;03;02;07716;P.S. SASBI;P;VILLA EL SALVADOR - LURIN - PACHACAMAC - PUCUSANA;LIMA SUR;I-2;VILLA EL SALVADOR;JUAN PABLO II;VILLA EL SALVADOR;-76.9544531;-12.2083922;SI
036;LIMA METROPOLITANA;036;NO TIENE ASIGNADO DIRIS;00;00;07733;ESPECIALIZADO DE SALUD MENTAL HONORIO DELGADO-HIDEYO NOGUCHI;I;NO PERTENECE A NINGUNA RED;;;;;;;;
036;LIMA METROPOLITANA;036;NO TIENE ASIGNADO DIRIS;00;00;07734;"""INSTITUTO NACIONAL DE REHABILITACION """"DRA. ADRIANA REBAZA FLORES"""" AMISTAD PERU - JAPON""";H;NO PERTENECE A NINGUNA RED;;;;;;;;
036;LIMA METROPOLITANA;039;DIRIS LIMA NORTE;26;01;07735;JUAN PABLO II;C;RED DE SALUD LIMA NORTE IV;LIMA NORTE;;;;;;;
036;LIMA METROPOLITANA;036;NO TIENE ASIGNADO DIRIS;01;03;07737;PROMOCION Y DESARROLLO JUVENIL;P;LIMA ESTE METROPOLITANA;;;;;;;;
036;LIMA METROPOLITANA;040;DIRIS LIMA SUR;02;05;09565;P.S. PARAISO ALTO;P;SAN JUAN DE MIRAFLORES - VILLA MARIA DEL TRIUNFO;LIMA SUR;I-2;VILLA MARIA DEL TRIUNFO;VILLA MARIA - JOSE CARLOS MARIATEGUI;VILLA MARIA DEL TRIUNFO;-76.923656;-12.140445;NO
036;LIMA METROPOLITANA;038;DIRIS LIMA ESTE;01;09;10093;VILLA MERCEDES;P;LIMA ESTE METROPOLITANA;LIMA ESTE;;;;;;;
036;LIMA METROPOLITANA;039;DIRIS LIMA NORTE;26;02;10633;JESUS OROPEZA CHONTA;P;RED DE SALUD LIMA NORTE IV;LIMA NORTE;;;;;;;
036;LIMA METROPOLITANA;039;DIRIS LIMA NORTE;24;04;11891;SU MAJESTAD HIROITO;P;TUPAC AMARU;LIMA NORTE;;;;;;;
036;LIMA METROPOLITANA;039;DIRIS LIMA NORTE;24;03;12668;LUIS ALBERTO BAZAGOITIA CARDENAS;P;TUPAC AMARU;LIMA NORTE;;;;;;;
036;LIMA METROPOLITANA;040;DIRIS LIMA SUR;02;06;12847;P.S. CIUDAD DE GOSEN;P;SAN JUAN DE MIRAFLORES - VILLA MARIA DEL TRIUNFO;LIMA SUR;I-2;VILLA MARIA DEL TRIUNFO;JOSE GALVEZ - NUEVA ESPERANZA;VILLA MARIA DEL TRIUNFO;-76.920566;-12.213772;SI
036;LIMA METROPOLITANA;038;DIRIS LIMA ESTE;01;03;13186;FRATERNIDAD NIÐO JESUS ZONA X;P;LIMA ESTE METROPOLITANA;LIMA ESTE;;;;;;;
036;LIMA METROPOLITANA;038;DIRIS LIMA ESTE;01;01;13261;CERRO EL AGUSTINO;P;LIMA ESTE METROPOLITANA;LIMA ESTE;;;;;;;
036;LIMA METROPOLITANA;040;DIRIS LIMA SUR;02;03;13486;P.S. MARIANNE PREUSS DE STARK;P;SAN JUAN DE MIRAFLORES - VILLA MARIA DEL TRIUNFO;LIMA SUR;I-2;SAN JUAN DE MIRAFLORES;MANUEL BARRETO;SAN JUAN DE MIRAFLORES;-76.9623905;-12.1467868;SI
036;LIMA METROPOLITANA;036;NO TIENE ASIGNADO DIRIS;00;00;13937;LABORATORIO DE REFERNCIA EN SALUD PUBLICA;O;NO PERTENECE A NINGUNA RED;;;;;;;;
036;LIMA METROPOLITANA;039;DIRIS LIMA NORTE;26;02;14727;PROFAM;P;RED DE SALUD LIMA NORTE IV;LIMA NORTE;;;;;;;
036;LIMA METROPOLITANA;036;NO TIENE ASIGNADO DIRIS;03;04;14811;SAN MARTIN DE PORRES;C;VILLA EL SALVADOR - LURIN - PACHACAMAC - PUCUSANA;;;;;;;;
036;LIMA METROPOLITANA;040;DIRIS LIMA SUR;03;08;15075;C.S. CLAS JUAN PABLO II;C;VILLA EL SALVADOR - LURIN - PACHACAMAC - PUCUSANA;LIMA SUR;I-3;PACHACAMAC;PORTADA DE MANCHAY;PACHACAMAC;-76.8624313;-12.1096968;SI
036;LIMA METROPOLITANA;040;DIRIS LIMA SUR;02;05;15544;C.A.M. TAYTA WASI;C;SAN JUAN DE MIRAFLORES - VILLA MARIA DEL TRIUNFO;LIMA SUR;I-3;VILLA MARIA DEL TRIUNFO;VILLA MARIA - JOSE CARLOS MARIATEGUI;VILLA MARIA DEL TRIUNFO;-76.9497515;-12.1416948;SI
036;LIMA METROPOLITANA;039;DIRIS LIMA NORTE;26;02;16525;VILLAS DE ANCON;P;RED DE SALUD LIMA NORTE IV;LIMA NORTE;;;;;;;
036;LIMA METROPOLITANA;040;DIRIS LIMA SUR;02;05;16630;P.S. 12 DE JUNIO;P;SAN JUAN DE MIRAFLORES - VILLA MARIA DEL TRIUNFO;LIMA SUR;I-2;VILLA MARIA DEL TRIUNFO;VILLA MARIA - JOSE CARLOS MARIATEGUI;VILLA MARIA DEL TRIUNFO;-76.94996;-12.1568;NO
036;LIMA METROPOLITANA;040;DIRIS LIMA SUR;03;05;16852;P.S. MARTHA MILAGROS BAJA;P;VILLA EL SALVADOR - LURIN - PACHACAMAC - PUCUSANA;LIMA SUR;I-2;LURIN;LURIN;LURIN Y BALNEARIOS;-76.903259;-12.233266;SI
036;LIMA METROPOLITANA;036;NO TIENE ASIGNADO DIRIS;00;00;16918;INSTITUTO NACIONAL DE SALUD NIÐO SAN BORJA;I;NO PERTENECE A NINGUNA RED;;;;;;;;
036;LIMA METROPOLITANA;040;DIRIS LIMA SUR;02;05;17440;P.S. JUAN CARLOS SOBERON;P;SAN JUAN DE MIRAFLORES - VILLA MARIA DEL TRIUNFO;LIMA SUR;I-2;VILLA MARIA DEL TRIUNFO;VILLA MARIA - JOSE CARLOS MARIATEGUI;VILLA MARIA DEL TRIUNFO;-76.929749;-12.163089;SI
036;LIMA METROPOLITANA;039;DIRIS LIMA NORTE;24;04;21104;CENTRO DE SALUD MENTAL COMUNITARIO CARABAYLLO;C;TUPAC AMARU;LIMA NORTE;;;;;;;
036;LIMA METROPOLITANA;036;NO TIENE ASIGNADO DIRIS;00;00;21762;CENTRAL DE REFERENCIA Y CONTRARREFERENCIA;O;NO PERTENECE A NINGUNA RED;;;;;;;;
036;LIMA METROPOLITANA;036;NO TIENE ASIGNADO DIRIS;00;00;22104;DIRECCION DE SERVICIOS DE ATENCION MOVIL DE URGENCIAS Y EMERGENCIAS;O;NO PERTENECE A NINGUNA RED;;;;;;;;
036;LIMA METROPOLITANA;040;DIRIS LIMA SUR;00;00;23159;HOSPITAL DE EMERGENCIAS VILLA EL SALVADOR;H;NO PERTENECE A NINGUNA RED;LIMA SUR;II-E;VILLA EL SALVADOR;NO PERTENECE A NINGUNA MICRORED;VILLA EL SALVADOR;-76.9336669;-12.2326004;NO
036;LIMA METROPOLITANA;040;DIRIS LIMA SUR;02;04;23635;P.S. DESIDERIO MOSCOSO CASTILLO;P;SAN JUAN DE MIRAFLORES - VILLA MARIA DEL TRIUNFO;LIMA SUR;I-2;SAN JUAN DE MIRAFLORES;OLLANTAY;SAN JUAN DE MIRAFLORES;-76.951098;-12.124492;SI
036;LIMA METROPOLITANA;040;DIRIS LIMA SUR;01;02;24374;C.S.M.C. NANCY REYES BAHAMONDE;C;BARRANCO - CHORRILLOS - SURCO;LIMA SUR;I-3;CHORRILLOS;VILLA;BARRANCO CHORRILLOS SURCO;-77.00966007;-12.19191626;SI
036;LIMA METROPOLITANA;040;DIRIS LIMA SUR;02;02;24847;C.S.M.C. 12 DE NOVIEMBRE;C;SAN JUAN DE MIRAFLORES - VILLA MARIA DEL TRIUNFO;LIMA SUR;I-3;SAN JUAN DE MIRAFLORES;LEONOR SAAVEDRA - VILLA SAN LUIS;SAN JUAN DE MIRAFLORES;-76.968160;-12.137611;SI
036;LIMA METROPOLITANA;040;DIRIS LIMA SUR;03;08;25771;C.S.M.C. LA MEDALLA MILAGROSA;C;VILLA EL SALVADOR - LURIN - PACHACAMAC - PUCUSANA;LIMA SUR;I-3;PACHACAMAC;PORTADA DE MANCHAY;PACHACAMAC;-76.871213;-12.128196;SI
036;LIMA METROPOLITANA;040;DIRIS LIMA SUR;03;08;25772;C.S.M.C. SANTA ROSA DE MANCHAY;C;VILLA EL SALVADOR - LURIN - PACHACAMAC - PUCUSANA;LIMA SUR;I-3;PACHACAMAC;PORTADA DE MANCHAY;PACHACAMAC;-76.885127;-12.094967;SI
036;LIMA METROPOLITANA;040;DIRIS LIMA SUR;01;02;26221;C.S.M.C. SAN SEBASTIAN;C;BARRANCO - CHORRILLOS - SURCO;LIMA SUR;I-3;CHORRILLOS;VILLA;BARRANCO CHORRILLOS SURCO;-76.978945;-12.201047;SI
036;LIMA METROPOLITANA;040;DIRIS LIMA SUR;03;;26282;C.S.M.C. VILLA EL SALVADOR;C;VILLA EL SALVADOR - LURIN - PACHACAMAC - PUCUSANA;LIMA SUR;I-3;VILLA EL SALVADOR;VILLA;VILLA EL SALVADOR;-76.949209;-12.217953;SI
036;LIMA METROPOLITANA;040;DIRIS LIMA SUR;01;01;27615;C.S.M.C. BARRANCO;C;BARRANCO - CHORRILLOS - SURCO;LIMA SUR;I-3;BARRANCO;URBANA;BARRANCO CHORRILLOS SURCO;-77.0157362;-12.146948;SI
036;LIMA METROPOLITANA;040;DIRIS LIMA SUR;03;01;27622;C.S.M.C. EL SOL DE VILLA;C;VILLA EL SALVADOR - LURIN - PACHACAMAC - PUCUSANA;LIMA SUR;I-3;VILLA EL SALVADOR;SAN JOSE;VILLA EL SALVADOR;-76.9423404;-12.2013211;SI
036;LIMA METROPOLITANA;040;DIRIS LIMA SUR;02;05;27621;C.S.M.C. MONSEÑOR JOSE RAMON GURRUCHAGA;C;SAN JUAN DE MIRAFLORES - VILLA MARIA DEL TRIUNFO;LIMA SUR;I-3;VILLA MARIA DEL TRIUNFO;VILLA MARIA - JOSE CARLOS MARIATEGUI;VILLA MARIA DEL TRIUNFO;-76.9382139;-12.161575;SI
036;LIMA METROPOLITANA;040;DIRIS LIMA SUR;00;00;99691;ASOCIACION IMPACTA BARRANCO;C;NO PERTENECE A NINGUNA RED;LIMA SUR;;BARRANCO;;;;;NO
036;LIMA METROPOLITANA;040;DIRIS LIMA SUR;01;02;29266;C.S.M.C. CRL SAN WILELMO PEDRO ZORRILLA HUAMAN;C;BARRANCO - CHORRILLOS - SURCO;LIMA SUR;I-3;CHORRILLOS;VILLA;BARRANCO CHORRILLOS SURCO;-77.0214937;-12.1580585;SI
036;LIMA METROPOLITANA;040;DIRIS LIMA SUR;00;00;08709;C.S.M.I. FAP LAS PALMAS;C;NO PERTENECE A NINGUNA RED;LIMA SUR;;SURCO;;;;;NO
036;LIMA METROPOLITANA;040;DIRIS LIMA SUR;00;00;10385;"C.S. MILITAR ""SAN JUAN""";C;NO PERTENECE A NINGUNA RED;LIMA SUR;;SAN JUAN DE MIRAFLORES;;;;;NO
036;LIMA METROPOLITANA;040;DIRIS LIMA SUR;00;00;18171;POLICLINICO MILITAR CHORRILLOS;C;NO PERTENECE A NINGUNA RED;LIMA SUR;;CHORRILLOS;;;;;NO
036;LIMA METROPOLITANA;040;DIRIS LIMA SUR;00;00;08706;P.S. MILITAR  COEDE;C;NO PERTENECE A NINGUNA RED;LIMA SUR;;CHORRILLOS;;;;;NO
036;LIMA METROPOLITANA;040;DIRIS LIMA SUR;01;;29636;C.S.M.C. VIRGEN DE LA MERCED;C;VILLA EL SALVADOR - LURIN - PACHACAMAC - PUCUSANA;LIMA SUR;I-3;VILLA EL SALVADOR;VILLA;VILLA EL SALVADOR;-76.9351635;-12.2013855;SI
036;LIMA METROPOLITANA;040;DIRIS LIMA SUR;03;07;31200;C.S.M.C. BALNEARIOS DEL SUR;C;VILLA EL SALVADOR - LURIN - PACHACAMAC - PUCUSANA;LIMA SUR;I-3;PUNTA HERMOSA;SAN BARTOLO;LURIN Y BALNEARIOS;-76.82609;-12.3379295;SI
036;LIMA METROPOLITANA;040;DIRIS LIMA SUR;00;00;20382;POLICLINICO POLICIAL CHORRILLOS;C;NO PERTENECE A NINGUNA RED;LIMA SUR;;CHORRILLOS;;;;;NO
036;LIMA METROPOLITANA;040;DIRIS LIMA SUR;00;00;18660;POLICLINICO POLICIAL SEDE ESCUELA DE OFICIALES PNP;C;NO PERTENECE A NINGUNA RED;LIMA SUR;;CHORRILLOS;;;;;NO
036;LIMA METROPOLITANA;040;DIRIS LIMA SUR;00;00;19390;POSTA MEDICA PNP SAN BARTOLO;C;NO PERTENECE A NINGUNA RED;LIMA SUR;;SAN BARTOLO;;;;;NO
036;LIMA METROPOLITANA;040;DIRIS LIMA SUR;30;00;28262;LABORATORIO REFERENCIAS DE SALUD PUBLICA;C;NO PERTENECE A NINGUNA RED;LIMA SUR;;BARRANCO;;;;;NO
036;LIMA METROPOLITANA;040;DIRIS LIMA SUR;03;08;33187;P.S. BELLA ESMERALDA;P;VILLA EL SALVADOR - LURIN - PACHACAMAC - PUCUSANA;LIMA SUR;I-2;PACHACAMAC;PORTADA DE MANCHAY;PACHACAMAC;-76.879738;-12.108041;SI
036;LIMA METROPOLITANA;040;DIRIS LIMA SUR;02;02;34038;C.S.M.C. RICARDO PALMA;C;SAN JUAN DE MIRAFLORES - VILLA MARIA DEL TRIUNFO;LIMA SUR;I-3;SAN JUAN DE MIRAFLORES;URBANA;SAN JUAN DE MIRAFLORES;-12.18510;-76.96142;SI
036;;040;DIRIS LIMA SUR;02;;040S02;SUBALMACEN SJM-VMT;S;SAN JUAN DE MIRAFLORES - VILLA MARIA DEL TRIUNFO;LIMA SUR;;;;;0;0;SI
